home_team,away_team,home_team_prob,odds 1,odds 2,result,date,accuracy
DET,CLE,0.504711586553746,1.56,2.5,0,2026-05-13,0
SAS,MIN,0.688506195469906,1.26,4.0,SAS,2026-05-12,1
LAL,OKC,0.3456049183938138,4.9,1.19,OKC,2026-05-11,1
CLE,DET,0.4399901887167364,1.6,2.4,CLE,2026-05-11,0
PHI,NYK,0.4201925920983141,2.0,1.83,NYK,2026-05-10,1
MIN,SAS,0.4613955176779204,2.6,1.52,MIN,2026-05-10,0
LAL,OKC,0.5357852204786852,3.95,1.27,OKC,2026-05-09,0
CLE,DET,0.4486588909744494,1.54,2.54,CLE,2026-05-09,0
PHI,NYK,0.5855886881764708,1.82,2.02,NYK,2026-05-08,0
MIN,SAS,0.5584400205949772,2.7,1.49,SAS,2026-05-08,0
DET,CLE,0.6532357327973056,1.62,2.36,DET,2026-05-07,1
OKC,LAL,0.811551042147728,1.11,7.0,OKC,2026-05-07,1
SAS,MIN,0.7068294575395369,1.25,4.1,SAS,2026-05-06,1
NYK,PHI,0.8065014290970405,1.34,3.4,NYK,2026-05-06,1
OKC,LAL,0.6798859703888357,1.11,7.0,OKC,2026-05-05,1
DET,CLE,0.656437841840934,1.68,2.24,DET,2026-05-05,1
NYK,PHI,0.7870263787739201,1.34,3.35,NYK,2026-05-04,1
SAS,MIN,0.6249161510148495,1.2,4.8,MIN,2026-05-04,0
CLE,TOR,0.5275021187188095,1.34,3.4,CLE,2026-05-03,1
DET,ORL,0.6938677935355669,1.31,3.6,DET,2026-05-03,1
BOS,PHI,0.6405220181591772,1.38,3.15,PHI,2026-05-02,0
HOU,LAL,0.5320007383609971,1.59,2.42,LAL,2026-05-01,0
ORL,DET,0.5802346066524035,2.36,1.62,DET,2026-05-01,0
TOR,CLE,0.7658646278080328,2.45,1.57,TOR,2026-05-01,1
MIN,DEN,0.6186563000269014,3.1,1.39,MIN,2026-04-30,1
PHI,BOS,0.6866691514487155,2.9,1.43,PHI,2026-04-30,1
ATL,NYK,0.3483677037667896,2.3,1.65,NYK,2026-04-30,1
CLE,TOR,0.5522299583443305,1.25,4.1,CLE,2026-04-29,1
LAL,HOU,0.5347893720993147,1.54,2.54,HOU,2026-04-29,0
DET,ORL,0.6772715290772986,1.25,4.1,DET,2026-04-29,1
BOS,PHI,0.6123950825325944,1.18,5.1,PHI,2026-04-28,0
NYK,ATL,0.7126735146996618,1.4,3.05,NYK,2026-04-28,1
SAS,POR,0.7191577778244881,1.17,5.4,SAS,2026-04-28,1
PHO,OKC,0.4413524942509622,4.8,1.2,OKC,2026-04-27,1
ORL,DET,0.6818566900098638,2.3,1.65,ORL,2026-04-27,1
DEN,MIN,0.6206646562121827,1.2,4.8,DEN,2026-04-27,1
TOR,CLE,0.6733885978348959,2.42,1.59,TOR,2026-04-26,1
HOU,LAL,0.6237926764128771,1.54,2.54,HOU,2026-04-26,1
PHI,BOS,0.6087540628375623,3.35,1.34,BOS,2026-04-26,0
POR,SAS,0.69898623727434,2.8,1.46,SAS,2026-04-26,0
PHO,OKC,0.4842080484300102,4.1,1.25,OKC,2026-04-25,1
MIN,DEN,0.5562880719316893,2.02,1.82,MIN,2026-04-25,1
ATL,NYK,0.6755375991455155,2.1,1.77,NYK,2026-04-25,0
ORL,DET,0.5993764487082905,2.14,1.74,ORL,2026-04-25,1
HOU,LAL,0.6157005427487717,1.29,3.7,LAL,2026-04-24,0
PHI,BOS,0.5241992916916227,3.6,1.31,BOS,2026-04-24,0
POR,SAS,0.7425508973513372,2.2,1.7,SAS,2026-04-24,0
TOR,CLE,0.5498725605210177,2.3,1.65,TOR,2026-04-23,1
ATL,NYK,0.6589416652742748,2.02,1.82,ATL,2026-04-23,1
MIN,DEN,0.4674703627533003,2.14,1.74,MIN,2026-04-23,0
OKC,PHO,0.7976188980017433,1.05,12.0,OKC,2026-04-22,1
DET,ORL,0.6406470279323985,1.25,4.1,DET,2026-04-22,1
BOS,PHI,0.8046432952420897,1.12,6.75,PHI,2026-04-21,0
LAL,HOU,0.6092838568300003,2.6,1.52,LAL,2026-04-21,1
SAS,POR,0.7291718944164959,1.14,6.0,POR,2026-04-21,0
CLE,TOR,0.686875962956885,1.27,3.95,CLE,2026-04-20,1
NYK,ATL,0.6650556295866535,1.4,3.05,ATL,2026-04-20,0
DEN,MIN,0.7757866488313414,1.35,3.3,MIN,2026-04-20,0
BOS,PHI,0.6457126999229369,1.12,6.75,BOS,2026-04-19,1
SAS,POR,0.7222847977608747,1.19,5.0,0,2026-04-19,0
DET,ORL,0.6217052641419785,1.27,3.95,ORL,2026-04-19,0
OKC,PHO,0.6454049472667072,1.08,8.5,OKC,2026-04-19,1
OKC,PHO,0.6454049472667072,1.09,8.0,0,2026-04-18,0
SAS,POR,0.7222847977608747,1.19,5.0,0,2026-04-18,0
DET,ORL,0.6217052641419785,1.31,3.6,0,2026-04-18,0
BOS,PHI,0.6457126999229369,1.12,6.5,0,2026-04-18,0
LAL,HOU,0.6713482782000072,2.7,1.49,LAL,2026-04-18,1
CLE,TOR,0.4864479851132604,1.29,3.7,CLE,2026-04-18,0
NYK,ATL,0.8139755912454192,1.4,3.05,NYK,2026-04-18,1
DEN,MIN,0.6905812327278177,1.48,2.6,DEN,2026-04-18,1
PHO,GSW,0.647238325881008,1.65,2.3,PHO,2026-04-17,1
ORL,CHO,0.5422893225818929,2.36,1.62,ORL,2026-04-17,1
LAC,GSW,0.5407380423638445,1.49,2.7,GSW,2026-04-15,0
PHI,ORL,0.6804090412353525,1.8,2.05,PHI,2026-04-15,1
PHI,ORL,0.6307808691553561,1.85,1.98,0,2026-04-14,0
LAC,GSW,0.6281126216614615,1.52,2.6,0,2026-04-14,0
PHO,POR,0.6950379189777272,1.62,2.36,POR,2026-04-14,0
CHO,MIA,0.5650934481159277,1.42,2.95,CHO,2026-04-14,1
OKC,PHO,0.705017675016682,1.4,3.05,PHO,2026-04-12,0
PHI,MIL,0.508129840365008,1.09,8.0,PHI,2026-04-12,1
HOU,MEM,0.7280369604840883,1.12,6.75,HOU,2026-04-12,1
LAL,UTA,0.6897166794554094,1.06,10.8,LAL,2026-04-12,1
NYK,CHO,0.7207718354042446,3.6,1.31,CHO,2026-04-12,0
LAC,GSW,0.5209340765020227,1.28,3.8,LAC,2026-04-12,1
IND,DET,0.3961587477313423,6.75,1.12,DET,2026-04-12,1
BOS,ORL,0.6704822297297395,2.4,1.6,BOS,2026-04-12,1
DAL,CHI,0.5815290487199101,1.39,3.1,DAL,2026-04-12,1
CLE,WAS,0.7065649629171099,1.06,10.5,CLE,2026-04-12,1
POR,SAC,0.7626737170062337,1.07,9.0,POR,2026-04-12,1
MIA,ATL,0.4925046093354472,3.05,1.4,MIA,2026-04-12,0
SAS,DEN,0.7826131815549777,1.2,4.8,DEN,2026-04-12,0
TOR,BRK,0.7097450762885488,1.02,19.0,TOR,2026-04-12,1
MIN,NOP,0.4304755604129385,1.41,3.0,MIN,2026-04-12,0
SAS,DAL,0.8063880969513749,1.06,11.0,SAS,2026-04-10,1
CHI,ORL,0.2536974517250485,7.75,1.1,ORL,2026-04-10,1
SAC,GSW,0.5189544890185915,4.7,1.21,SAC,2026-04-10,1
POR,LAC,0.769388782590501,1.87,1.95,POR,2026-04-10,1
WAS,MIA,0.2817746883069838,11.0,1.06,MIA,2026-04-10,1
HOU,MIN,0.6152080647390737,1.21,4.6,MIN,2026-04-10,0
BOS,NOP,0.715002728327256,1.06,10.5,BOS,2026-04-10,1
CHO,DET,0.567113586848936,1.49,2.7,DET,2026-04-10,0
ATL,CLE,0.6588060671307508,1.29,3.7,ATL,2026-04-10,1
UTA,MEM,0.3847211419356249,1.62,2.36,UTA,2026-04-10,0
NYK,TOR,0.5753458885958648,1.43,2.9,NYK,2026-04-10,1
IND,PHI,0.6338475189837084,8.5,1.08,PHI,2026-04-10,0
MIL,BRK,0.5768326412425768,1.21,4.6,MIL,2026-04-10,1
DEN,OKC,0.6552931889404394,1.17,5.4,DEN,2026-04-10,1
LAL,PHO,0.5549287246298479,2.2,1.7,LAL,2026-04-10,1
GSW,LAL,0.4230633515688101,1.52,2.6,LAL,2026-04-09,1
HOU,PHI,0.710296412436941,1.57,2.45,HOU,2026-04-09,1
BRK,IND,0.4589411580594789,2.3,1.65,IND,2026-04-09,1
WAS,CHI,0.2435853142741045,3.1,1.39,CHI,2026-04-09,1
TOR,MIA,0.7335506869382201,1.62,2.36,TOR,2026-04-09,1
NYK,BOS,0.6592995801016032,1.54,2.54,NYK,2026-04-09,1
PHO,DAL,0.5725341502778669,1.17,5.25,PHO,2026-04-08,1
DET,MIL,0.6244600296540903,1.04,13.0,DET,2026-04-08,1
SAS,POR,0.8008755615806333,1.6,2.4,SAS,2026-04-08,1
DEN,MEM,0.7471293994075292,1.03,15.0,DEN,2026-04-08,1
LAC,OKC,0.614361579289505,3.05,1.4,OKC,2026-04-08,0
ORL,MIN,0.4611829140296812,1.37,3.2,ORL,2026-04-08,0
CLE,ATL,0.6460100498819936,1.83,2.0,CLE,2026-04-08,1
LAL,OKC,0.5564395388625657,11.0,1.06,OKC,2026-04-07,0
GSW,SAC,0.477397154354502,1.1,7.75,GSW,2026-04-07,0
BRK,MIL,0.377963900445963,2.2,1.7,BRK,2026-04-07,0
BOS,CHO,0.7045891493338056,1.49,2.7,BOS,2026-04-07,1
PHO,HOU,0.6358386350355826,1.89,1.93,HOU,2026-04-07,0
TOR,MIA,0.5338997179688857,1.83,2.0,TOR,2026-04-07,1
IND,MIN,0.5401671861569208,6.5,1.12,MIN,2026-04-07,0
WAS,CHI,0.3147524833229335,2.85,1.44,CHI,2026-04-07,1
NOP,UTA,0.3530140320065422,1.17,5.25,NOP,2026-04-07,0
LAC,DAL,0.6321788339240717,1.16,5.55,LAC,2026-04-07,1
ATL,NYK,0.5083235855187888,1.83,2.0,NYK,2026-04-06,0
ORL,DET,0.3109370915740497,2.24,1.68,ORL,2026-04-06,0
SAS,PHI,0.8675652648082489,1.27,3.95,SAS,2026-04-06,1
DEN,POR,0.5658499134936976,1.31,3.6,DEN,2026-04-06,1
MEM,CLE,0.1939049296722383,9.5,1.07,CLE,2026-04-06,1
BOS,TOR,0.6952947543007686,1.22,4.5,BOS,2026-04-05,1
SAC,LAC,0.5376549385536326,7.0,1.11,LAC,2026-04-05,0
MIN,CHO,0.5708990190996368,2.36,1.62,CHO,2026-04-05,0
MIL,MEM,0.3806577917665826,1.39,3.1,MIL,2026-04-05,0
NOP,ORL,0.4172756454724396,2.8,1.46,ORL,2026-04-05,1
CHI,PHO,0.2873855113890954,4.6,1.21,PHO,2026-04-05,1
DAL,LAL,0.4537840715039052,2.02,1.82,DAL,2026-04-05,0
GSW,HOU,0.3303940468185283,2.3,1.65,HOU,2026-04-05,1
OKC,UTA,0.7801538389392552,1.02,21.0,OKC,2026-04-05,1
BRK,WAS,0.3442114729580067,1.59,2.42,BRK,2026-04-05,0
CLE,IND,0.6538682755555686,1.07,9.5,CLE,2026-04-05,1
DEN,SAS,0.7090014962733135,2.1,1.77,0,2026-04-04,0
PHI,DET,0.6357483101654647,2.3,1.65,DET,2026-04-04,0
MIA,WAS,0.4734740366466452,1.05,12.0,MIA,2026-04-04,0
PHI,MIN,0.6342918941234155,1.74,2.14,PHI,2026-04-03,1
NYK,CHI,0.8076802636886403,1.1,7.75,NYK,2026-04-03,1
DAL,ORL,0.3802572508460894,3.2,1.37,ORL,2026-04-03,1
MEM,TOR,0.3547783841727371,7.5,1.1,TOR,2026-04-03,1
BRK,ATL,0.2201232039042011,10.5,1.06,ATL,2026-04-03,1
CHO,IND,0.7544496208543978,1.07,9.0,CHO,2026-04-03,1
SAC,NOP,0.5907617170558791,2.8,1.46,SAC,2026-04-03,1
HOU,UTA,0.739782827621469,1.06,11.0,HOU,2026-04-03,1
MIL,BOS,0.2742308437200542,11.0,1.06,BOS,2026-04-03,1
CHO,PHO,0.5865320136767539,1.43,2.9,CHO,2026-04-02,1
POR,NOP,0.750933638056883,1.4,3.05,POR,2026-04-02,1
GSW,CLE,0.4093937015721117,4.6,1.21,CLE,2026-04-02,1
DET,MIN,0.6827535773534833,1.62,2.36,DET,2026-04-02,1
OKC,LAL,0.6760672318116105,1.28,3.85,OKC,2026-04-02,1
LAC,SAS,0.5876209759357499,2.42,1.59,SAS,2026-04-02,0
HOU,MIL,0.6301971340155383,1.05,12.0,HOU,2026-04-01,1
UTA,DEN,0.3514295541846592,11.0,1.06,DEN,2026-04-01,1
WAS,PHI,0.2859928210210428,8.5,1.08,PHI,2026-04-01,1
CHI,IND,0.3930644940721434,1.57,2.45,IND,2026-04-01,1
GSW,SAS,0.3853491398879872,7.25,1.11,SAS,2026-04-01,1
TOR,SAC,0.6894131439042477,1.15,5.7,SAC,2026-04-01,0
MIA,BOS,0.3795795326314811,2.64,1.51,BOS,2026-04-01,1
MEM,NYK,0.2993660473093643,7.25,1.11,NYK,2026-04-01,1
ORL,ATL,0.4500519447882595,2.24,1.68,ATL,2026-04-01,1
BRK,CHO,0.3507510033631998,11.0,1.06,CHO,2026-03-31,1
LAL,CLE,0.6230388963999735,1.77,2.1,LAL,2026-03-31,1
ORL,PHO,0.3490870098305358,1.8,2.05,ORL,2026-03-31,0
HOU,NYK,0.6361156976350337,1.93,1.89,HOU,2026-03-31,1
DET,TOR,0.5682565527784386,1.7,2.2,DET,2026-03-31,1
LAC,POR,0.659604862341021,1.44,2.85,POR,2026-03-31,0
MIL,DAL,0.4394923546565172,1.95,1.87,MIL,2026-03-31,0
SAS,CHI,0.6883825428402819,1.06,11.0,SAS,2026-03-30,1
OKC,DET,0.7143147894047326,1.14,6.0,OKC,2026-03-30,1
ATL,BOS,0.5701749245725818,1.82,2.02,ATL,2026-03-30,1
MIA,PHI,0.4185491303638231,2.1,1.77,MIA,2026-03-30,0
MEM,PHO,0.1796607527338219,6.25,1.13,PHO,2026-03-30,1
DAL,MIN,0.5330839825299113,3.2,1.37,MIN,2026-03-30,0
UTA,CLE,0.3751672961166434,10.5,1.06,CLE,2026-03-30,1
LAL,WAS,0.7937765406617906,1.07,9.0,LAL,2026-03-30,1
DEN,GSW,0.6283482166202733,1.15,5.7,DEN,2026-03-29,1
IND,MIA,0.507141177823935,3.85,1.28,IND,2026-03-29,1
TOR,ORL,0.5008188683844691,1.77,2.1,TOR,2026-03-29,1
MIL,LAC,0.2990138946193294,7.75,1.1,LAC,2026-03-29,1
NOP,HOU,0.5726286006434762,2.95,1.42,HOU,2026-03-29,0
BRK,SAC,0.3396976638560904,1.95,1.87,BRK,2026-03-29,0
CHO,BOS,0.4747963963743487,1.91,1.91,BOS,2026-03-29,1
POR,WAS,0.6983228461501318,1.07,9.0,POR,2026-03-29,1
OKC,NYK,0.7601787025220405,1.28,3.85,OKC,2026-03-29,1
MEM,CHI,0.3279750448618437,2.45,1.57,MEM,2026-03-28,0
CHO,PHI,0.6194000067661452,1.43,2.9,PHI,2026-03-28,0
MIN,DET,0.5381068306793373,2.05,1.8,DET,2026-03-28,0
ATL,SAC,0.6695101639897169,1.1,7.5,ATL,2026-03-28,1
MIL,SAS,0.3502025301101381,12.0,1.05,SAS,2026-03-28,1
PHO,UTA,0.6757812133631783,1.07,9.5,PHO,2026-03-28,1
DEN,UTA,0.6030614392902999,1.06,11.0,DEN,2026-03-27,1
IND,LAC,0.3398163579994819,4.0,1.26,LAC,2026-03-27,1
MEM,HOU,0.261570118193115,7.0,1.11,HOU,2026-03-27,1
TOR,NOP,0.668011511702951,1.26,4.0,TOR,2026-03-27,1
POR,DAL,0.7848718157283955,1.21,4.6,DAL,2026-03-27,0
OKC,CHI,0.7569625377335828,1.04,14.0,OKC,2026-03-27,1
CLE,MIA,0.5894679315084028,1.46,2.8,CLE,2026-03-27,1
GSW,WAS,0.4996814445961899,1.1,7.5,GSW,2026-03-27,0
BOS,ATL,0.7355333102325543,1.49,2.7,BOS,2026-03-27,1
LAL,BRK,0.8079276812732061,1.06,10.5,LAL,2026-03-27,1
CHO,NYK,0.6392538770022165,1.83,2.0,CHO,2026-03-26,1
ORL,SAC,0.6745868253379876,1.08,8.5,ORL,2026-03-26,1
DET,NOP,0.7054523454784379,1.57,2.45,DET,2026-03-26,1
LAC,TOR,0.6148021848174126,1.56,2.5,LAC,2026-03-25,1
DEN,DAL,0.57786419742183,1.15,5.7,DEN,2026-03-25,1
CLE,MIA,0.6773072497167854,1.68,2.24,MIA,2026-03-25,0
MEM,SAS,0.2284642706477126,10.5,1.06,SAS,2026-03-25,1
IND,LAL,0.2766205565325452,4.4,1.23,LAL,2026-03-25,1
DET,ATL,0.656959083441213,1.77,2.1,ATL,2026-03-25,0
UTA,WAS,0.597209890824226,1.56,2.5,WAS,2026-03-25,0
POR,MIL,0.6744846243096076,1.13,6.25,POR,2026-03-25,1
MIN,HOU,0.4977954650707341,2.05,1.8,MIN,2026-03-25,0
PHI,CHI,0.5861628236845934,1.41,3.0,PHI,2026-03-25,1
BOS,OKC,0.6114481888481633,2.2,1.7,BOS,2026-03-25,1
GSW,BRK,0.6406065708746959,1.16,5.55,GSW,2026-03-25,1
NYK,NOP,0.7956509330292143,1.25,4.1,NYK,2026-03-24,1
PHO,DEN,0.652687159382322,3.0,1.41,DEN,2026-03-24,0
CLE,ORL,0.6343119316830816,1.21,4.6,CLE,2026-03-24,1
CHO,SAC,0.5380982855657807,1.06,10.5,CHO,2026-03-24,1
LAC,MIL,0.5418650932536486,1.12,6.75,LAC,2026-03-23,1
PHI,OKC,0.3352551623686711,8.5,1.08,OKC,2026-03-23,1
CHI,HOU,0.3899264340618145,3.8,1.28,CHI,2026-03-23,0
DET,LAL,0.5937385151935345,2.02,1.82,DET,2026-03-23,1
DAL,GSW,0.4443885979963653,2.1,1.77,GSW,2026-03-23,1
MIA,SAS,0.5002233051002176,2.64,1.51,SAS,2026-03-23,0
POR,BRK,0.6157856370926462,1.11,7.25,POR,2026-03-23,1
ORL,IND,0.6634416903125985,1.12,6.5,IND,2026-03-23,0
ATL,MEM,0.8000793222360767,1.11,7.0,ATL,2026-03-23,1
UTA,TOR,0.5736849497525023,6.5,1.12,TOR,2026-03-23,0
PHO,TOR,0.7224429936355161,2.36,1.62,PHO,2026-03-22,1
BOS,MIN,0.6935687773679482,1.24,4.2,MIN,2026-03-22,0
NYK,WAS,0.7743590171663864,1.03,15.0,NYK,2026-03-22,1
SAC,BRK,0.5059632152056849,1.43,2.9,SAC,2026-03-22,1
DEN,POR,0.4992637124726993,1.25,4.1,DEN,2026-03-22,0
CHO,MEM,0.7531824512301698,1.06,10.0,CHO,2026-03-21,1
SAS,IND,0.7082070613451068,1.06,11.0,SAS,2026-03-21,1
DAL,LAC,0.3956179598807072,3.25,1.36,LAC,2026-03-21,1
UTA,PHI,0.4522390342377069,2.95,1.42,PHI,2026-03-21,1
PHO,MIL,0.7660932410795799,1.17,5.4,MIL,2026-03-21,0
WAS,OKC,0.2172056914249918,14.0,1.04,OKC,2026-03-21,1
HOU,MIA,0.4749021346309253,1.68,2.24,HOU,2026-03-21,0
ATL,GSW,0.7733905511821632,1.21,4.6,ATL,2026-03-21,1
ORL,LAL,0.516059966078806,2.3,1.65,LAL,2026-03-21,0
NOP,CLE,0.571841019357412,2.64,1.51,CLE,2026-03-21,0
MIN,POR,0.5508085928606935,1.74,2.14,POR,2026-03-20,0
DET,GSW,0.7102166144024736,1.49,2.7,DET,2026-03-20,1
MEM,BOS,0.2532144267542751,8.0,1.09,BOS,2026-03-20,1
DEN,TOR,0.5651722656754273,1.36,3.25,DEN,2026-03-20,1
HOU,ATL,0.4589282426305362,1.62,2.36,HOU,2026-03-20,0
BRK,NYK,0.2567861883491614,11.0,1.06,NYK,2026-03-20,1
SAC,PHI,0.586757197976383,2.2,1.7,PHI,2026-03-19,0
NOP,LAC,0.6052849259661932,1.8,2.05,NOP,2026-03-19,1
UTA,MIL,0.5392836979443988,2.95,1.42,UTA,2026-03-19,1
CHI,CLE,0.5045205029689409,5.1,1.18,CLE,2026-03-19,0
WAS,DET,0.2371973046711356,7.25,1.11,DET,2026-03-19,1
SAS,PHO,0.7063897339338153,1.21,4.6,SAS,2026-03-19,1
MIA,LAL,0.5631928956434468,1.46,2.8,LAL,2026-03-19,0
CHO,ORL,0.6749406774105617,1.42,2.95,CHO,2026-03-19,1
BRK,OKC,0.3151109676796972,13.0,1.04,OKC,2026-03-18,1
IND,POR,0.2931869688204133,6.5,1.12,POR,2026-03-18,1
DAL,ATL,0.2596768442557551,3.7,1.29,ATL,2026-03-18,1
HOU,LAL,0.4785608943882206,1.74,2.14,LAL,2026-03-18,1
MEM,DEN,0.2777998717884296,6.5,1.12,MEM,2026-03-18,0
NOP,LAC,0.6260285111613384,1.7,2.2,NOP,2026-03-18,1
CHI,TOR,0.5188153459555652,3.45,1.33,TOR,2026-03-18,0
MIN,UTA,0.6030267663539628,1.12,6.5,MIN,2026-03-18,1
BOS,GSW,0.6543322945580058,1.15,5.7,BOS,2026-03-18,1
SAC,SAS,0.6213415575619725,7.0,1.11,SAS,2026-03-17,0
WAS,DET,0.3005311405288104,11.0,1.06,DET,2026-03-17,1
MIL,CLE,0.4695610746300046,4.6,1.21,CLE,2026-03-17,1
ORL,OKC,0.5955932707097809,4.5,1.22,OKC,2026-03-17,0
CHO,MIA,0.6483820382189855,1.46,2.8,CHO,2026-03-17,1
DEN,PHI,0.5815269324825056,1.08,8.5,DEN,2026-03-17,1
NYK,IND,0.7517634913493751,1.11,7.0,NYK,2026-03-17,1
MIN,PHO,0.5150019032213073,1.65,2.3,MIN,2026-03-17,1
BOS,PHO,0.6354455105669478,1.25,4.1,BOS,2026-03-16,1
LAC,SAS,0.6186959684889564,3.7,1.29,SAS,2026-03-16,0
NOP,DAL,0.583077548326522,1.28,3.8,NOP,2026-03-16,1
ATL,ORL,0.8188433318453234,1.65,2.3,ATL,2026-03-16,1
BRK,POR,0.2638108360893132,4.7,1.21,POR,2026-03-16,1
WAS,GSW,0.2533325432481956,3.5,1.32,GSW,2026-03-16,1
CHI,MEM,0.4244933629667757,1.36,3.25,CHI,2026-03-16,0
HOU,LAL,0.5774824853607479,1.74,2.14,LAL,2026-03-16,0
SAC,UTA,0.5376745284179557,1.65,2.3,SAC,2026-03-15,1
MIL,IND,0.4397083982995938,1.39,3.1,MIL,2026-03-15,0
TOR,DET,0.5587100573407222,2.45,1.57,TOR,2026-03-15,1
NYK,GSW,0.8204085264207311,1.11,7.25,NYK,2026-03-15,1
PHI,POR,0.3836966895443872,3.7,1.29,PHI,2026-03-15,0
OKC,MIN,0.6624880864649795,1.26,4.0,OKC,2026-03-15,1
CLE,DAL,0.6883635298758566,1.07,9.0,DAL,2026-03-15,0
SAS,CHO,0.6672175710740197,1.54,2.54,SAS,2026-03-14,1
LAL,DEN,0.6629825507047897,2.3,1.65,LAL,2026-03-14,1
BOS,WAS,0.7878138513960604,1.04,13.0,BOS,2026-03-14,1
ATL,MIL,0.7352421109436975,1.27,3.95,ATL,2026-03-14,1
PHI,BRK,0.4912428189442315,1.1,7.0,PHI,2026-03-14,0
LAC,SAC,0.7034120335183007,1.11,7.0,SAC,2026-03-14,0
MIA,ORL,0.6776069168621305,1.52,2.6,ORL,2026-03-14,0
GSW,MIN,0.54146652129743,2.95,1.42,MIN,2026-03-13,0
DAL,CLE,0.3570909273652289,6.25,1.13,CLE,2026-03-13,1
TOR,PHO,0.5853352537339249,1.52,2.6,0,2026-03-13,0
HOU,NOP,0.6164845076766553,1.35,3.3,HOU,2026-03-13,1
LAC,CHI,0.7246216122819207,1.12,6.5,LAC,2026-03-13,1
IND,NYK,0.3055553205283986,6.75,1.12,NYK,2026-03-13,1
POR,UTA,0.5596236832968853,1.08,8.5,POR,2026-03-13,1
DET,MEM,0.7310250962063213,1.06,10.0,DET,2026-03-13,1
MEM,DAL,0.4330891898101593,2.7,1.49,DAL,2026-03-12,1
OKC,BOS,0.5489392312531538,1.37,3.2,OKC,2026-03-12,1
DET,PHI,0.5994251305209658,1.08,8.5,DET,2026-03-12,1
IND,PHO,0.3195612530487361,4.2,1.24,PHO,2026-03-12,1
MIA,MIL,0.5784936229704436,1.39,3.1,MIA,2026-03-12,1
ATL,BRK,0.7801723911938092,1.1,7.75,ATL,2026-03-12,1
SAS,DEN,0.566664402059496,1.44,2.85,DEN,2026-03-12,0
ORL,WAS,0.7249523662297855,1.1,7.5,ORL,2026-03-12,1
LAL,CHI,0.6094615770408894,1.19,5.0,LAL,2026-03-12,1
UTA,NYK,0.5236295934728104,7.75,1.1,NYK,2026-03-11,0
LAC,MIN,0.6286054199445067,1.87,1.95,LAC,2026-03-11,1
DEN,HOU,0.5232939618757007,1.36,3.25,DEN,2026-03-11,1
SAC,CHO,0.4197156119050345,6.75,1.12,CHO,2026-03-11,1
ORL,CLE,0.6084658945680632,2.4,1.6,ORL,2026-03-11,1
NOP,TOR,0.7032386907924754,2.2,1.7,NOP,2026-03-11,1
LAL,MIN,0.6285966596545416,2.2,1.7,LAL,2026-03-10,1
MIL,PHO,0.3404843311539684,1.98,1.85,PHO,2026-03-10,1
GSW,CHI,0.444603159417466,1.42,2.95,CHI,2026-03-10,1
PHI,MEM,0.59965993395821,1.65,2.3,PHI,2026-03-10,1
ATL,DAL,0.7027660023037499,1.24,4.3,ATL,2026-03-10,1
BRK,DET,0.4090050552509536,8.5,1.08,DET,2026-03-10,1
SAS,BOS,0.6582594987364075,1.68,2.24,SAS,2026-03-10,1
POR,CHO,0.5075138665305506,2.3,1.65,CHO,2026-03-10,0
HOU,TOR,0.5913965596041866,1.49,2.7,HOU,2026-03-10,1
SAC,IND,0.4342445104540396,1.65,2.3,SAC,2026-03-10,0
MIA,WAS,0.7590314502249939,1.09,8.0,MIA,2026-03-10,1
CLE,PHI,0.6323165838865479,1.12,6.5,CLE,2026-03-09,1
LAC,NYK,0.6628566799978931,2.2,1.7,LAC,2026-03-09,1
OKC,DEN,0.6940183752815507,1.37,3.2,OKC,2026-03-09,1
BRK,MEM,0.3267997204905703,2.05,1.8,BRK,2026-03-09,0
UTA,GSW,0.4418366541307439,3.4,1.34,UTA,2026-03-09,0
SAC,CHI,0.397309637528113,2.14,1.74,SAC,2026-03-08,0
TOR,DAL,0.6193904403795435,1.23,4.4,TOR,2026-03-08,1
MIL,ORL,0.324127213019744,2.36,1.62,ORL,2026-03-08,1
CLE,BOS,0.4770843180782619,1.83,2.0,BOS,2026-03-08,1
MIA,DET,0.6965665043712266,2.1,1.77,MIA,2026-03-08,1
SAS,HOU,0.6857963399681766,1.46,2.8,SAS,2026-03-08,1
POR,IND,0.3896253547157886,1.25,4.1,POR,2026-03-08,0
NOP,WAS,0.5667729756695864,1.22,4.5,NOP,2026-03-08,1
PHO,CHO,0.5970113481146697,2.6,1.52,PHO,2026-03-08,1
LAL,NYK,0.4782375326328349,2.3,1.65,LAL,2026-03-08,0
MIN,ORL,0.7693747021502816,1.36,3.25,ORL,2026-03-07,0
OKC,GSW,0.5950861038292162,1.11,7.0,OKC,2026-03-07,1
DET,BRK,0.6753301327026766,1.11,7.25,BRK,2026-03-07,0
ATL,PHI,0.7190232304078705,1.36,3.25,ATL,2026-03-07,1
MEM,LAC,0.4187052494850304,3.1,1.39,LAC,2026-03-07,1
MIL,UTA,0.3014508267406988,1.24,4.3,MIL,2026-03-07,0
CHO,MIA,0.7819380973003088,1.34,3.4,MIA,2026-03-06,0
DEN,NYK,0.5952161607108526,2.05,1.8,NYK,2026-03-06,0
HOU,POR,0.6409160222755478,1.43,2.9,HOU,2026-03-06,1
SAS,LAC,0.6204129135185807,1.36,3.25,SAS,2026-03-06,1
BOS,DAL,0.6301440893923665,1.08,8.5,BOS,2026-03-06,1
LAL,IND,0.7106041150750159,1.22,4.5,LAL,2026-03-06,1
PHO,NOP,0.4331402734298316,1.46,2.8,PHO,2026-03-06,0
ORL,DAL,0.6983343619386292,1.26,4.0,ORL,2026-03-05,1
SAC,NOP,0.3381659775222429,2.7,1.49,NOP,2026-03-05,1
WAS,UTA,0.3312556525913199,1.59,2.42,UTA,2026-03-05,1
PHO,CHI,0.5415914210754695,1.19,5.0,CHI,2026-03-05,0
HOU,GSW,0.7467834333609223,1.26,4.0,GSW,2026-03-05,0
MIN,TOR,0.6850275072809556,1.44,2.85,MIN,2026-03-05,1
SAS,DET,0.7019645897888568,1.65,2.3,SAS,2026-03-05,1
DEN,LAL,0.5963403704099229,1.51,2.64,DEN,2026-03-05,1
MIA,BRK,0.6695677700067186,1.13,6.25,MIA,2026-03-05,1
MIL,ATL,0.414391180251774,1.85,1.98,ATL,2026-03-04,1
PHI,UTA,0.3867802163196396,1.26,4.0,PHI,2026-03-04,0
MEM,POR,0.600170826840393,3.8,1.28,POR,2026-03-04,0
BOS,CHO,0.6990243491821647,1.42,2.95,CHO,2026-03-04,0
NYK,OKC,0.788170283990813,2.45,1.57,OKC,2026-03-04,0
LAC,IND,0.7577024558641314,1.15,5.7,LAC,2026-03-04,1
CLE,DET,0.5493972837893442,2.2,1.7,CLE,2026-03-03,1
MIN,MEM,0.5566832648341971,1.12,6.5,MIN,2026-03-03,1
ORL,WAS,0.684709268117287,1.08,8.5,ORL,2026-03-03,1
CHO,DAL,0.7866405064609481,1.14,6.0,CHO,2026-03-03,1
LAL,NOP,0.625608182348881,1.29,3.75,LAL,2026-03-03,1
PHI,SAS,0.4907921204455843,3.45,1.33,SAS,2026-03-03,1
SAC,PHO,0.2677598912392613,4.0,1.26,PHO,2026-03-03,1
MIA,BRK,0.5856425982084335,1.14,6.0,MIA,2026-03-03,1
TOR,NYK,0.4440650122183738,2.2,1.7,NYK,2026-03-03,1
CHI,OKC,0.2662038474384463,4.3,1.24,OKC,2026-03-03,1
MIL,BOS,0.3882712796121811,3.5,1.32,BOS,2026-03-02,1
WAS,HOU,0.3377685967197615,8.0,1.09,HOU,2026-03-02,1
UTA,DEN,0.4403643307484564,5.1,1.18,DEN,2026-03-02,1
GSW,LAC,0.292499679221179,1.98,1.85,LAC,2026-03-02,1
DAL,OKC,0.3280969546698146,8.0,1.09,OKC,2026-03-01,1
LAL,SAC,0.5708172040518374,1.13,6.25,LAL,2026-03-01,1
BRK,CLE,0.4320100077345123,5.4,1.17,CLE,2026-03-01,1
ORL,DET,0.6690720983687932,2.7,1.49,DET,2026-03-01,0
BOS,PHI,0.7168438799769421,1.28,3.8,BOS,2026-03-01,1
CHI,MIL,0.4077055495483246,2.3,1.65,CHI,2026-03-01,0
ATL,POR,0.6098417931453735,1.49,2.7,ATL,2026-03-01,1
LAC,NOP,0.5536200792696587,1.28,3.8,LAC,2026-03-01,1
IND,MEM,0.4682652075941528,1.87,1.95,MEM,2026-03-01,1
DEN,MIN,0.6524538737047503,1.65,2.3,MIN,2026-03-01,0
NYK,SAS,0.5574117797973226,1.95,1.87,NYK,2026-03-01,1
GSW,LAL,0.4722034521620745,2.45,1.57,LAL,2026-02-28,1
UTA,NOP,0.4103182698205839,3.1,1.39,NOP,2026-02-28,1
WAS,TOR,0.3742580009843271,6.75,1.12,TOR,2026-02-28,1
CHO,POR,0.6905055107756447,1.34,3.4,CHO,2026-02-28,1
MIA,HOU,0.496442095025785,2.14,1.74,MIA,2026-02-28,0
MIL,NYK,0.5130711970572881,3.7,1.29,NYK,2026-02-27,0
DAL,MEM,0.5190265876363439,1.51,2.64,MEM,2026-02-27,0
BOS,BRK,0.7821439767842723,1.07,9.5,BOS,2026-02-27,1
DET,CLE,0.6671117114302947,1.41,3.0,DET,2026-02-27,1
OKC,DEN,0.5458078925212085,1.32,3.5,OKC,2026-02-27,1
DAL,SAC,0.4451270888393698,1.37,3.2,SAC,2026-02-26,1
ATL,WAS,0.5955250924191616,1.17,5.25,ATL,2026-02-26,1
UTA,NOP,0.5683337625453031,2.8,1.46,NOP,2026-02-26,0
LAC,MIN,0.5842651405543706,2.8,1.46,MIN,2026-02-26,0
PHO,LAL,0.4049235128098312,2.8,1.46,PHO,2026-02-26,0
BRK,SAS,0.3226211061578667,5.9,1.15,SAS,2026-02-26,1
ORL,HOU,0.5429850948781311,2.24,1.68,HOU,2026-02-26,0
PHI,MIA,0.574636611820965,1.65,2.3,PHI,2026-02-26,1
CHI,POR,0.3174564280284469,2.5,1.56,POR,2026-02-26,1
IND,CHO,0.2897315654916473,6.5,1.12,CHO,2026-02-26,1
DEN,BOS,0.5250207835610083,1.62,2.36,DEN,2026-02-25,1
MIL,CLE,0.5448970797709441,3.7,1.29,MIL,2026-02-25,1
DET,OKC,0.7423665046604938,1.32,3.5,DET,2026-02-25,1
MEM,GSW,0.4812611635191957,2.42,1.59,GSW,2026-02-25,1
TOR,SAS,0.645868359635338,3.5,1.32,SAS,2026-02-25,0
HOU,SAC,0.5904601810197861,1.11,7.25,HOU,2026-02-25,1
LAL,ORL,0.5291234100657055,1.49,2.7,ORL,2026-02-24,0
MIL,MIA,0.5814189359253092,3.05,1.4,MIL,2026-02-24,1
ATL,WAS,0.6104978843198962,1.13,6.25,ATL,2026-02-24,1
POR,MIN,0.4631305245507212,3.15,1.38,MIN,2026-02-24,1
CLE,NYK,0.7132710148473184,1.59,2.42,CLE,2026-02-24,1
IND,PHI,0.3199097559188245,4.5,1.22,PHI,2026-02-24,1
PHO,BOS,0.3288073105055515,3.05,1.4,BOS,2026-02-24,1
NOP,GSW,0.6217793684274675,2.02,1.82,NOP,2026-02-24,1
CHI,CHO,0.2322924704750918,3.7,1.29,CHO,2026-02-24,1
TOR,OKC,0.6033179379466234,1.85,1.98,OKC,2026-02-24,0
BRK,DAL,0.3786765537068594,2.1,1.77,DAL,2026-02-24,1
MEM,SAC,0.4612367450017933,1.68,2.24,SAC,2026-02-23,1
HOU,UTA,0.5958017814444991,1.12,6.75,HOU,2026-02-23,1
DET,SAS,0.6930208313849389,1.8,2.05,SAS,2026-02-23,0
CHI,NYK,0.3047986135021453,4.6,1.21,NYK,2026-02-22,1
OKC,CLE,0.4547806508934744,2.5,1.56,OKC,2026-02-22,0
LAL,BOS,0.6115161696074684,2.1,1.77,BOS,2026-02-22,0
MIL,TOR,0.5282886771810762,2.3,1.65,TOR,2026-02-22,0
PHO,POR,0.641618806386039,2.36,1.62,POR,2026-02-22,0
GSW,DEN,0.2239461705702157,3.0,1.41,GSW,2026-02-22,0
ATL,BRK,0.408091639079034,1.23,4.4,ATL,2026-02-22,0
WAS,CHO,0.2809168944235847,5.4,1.17,CHO,2026-02-22,1
MIN,PHI,0.7151364910282874,1.27,3.95,PHI,2026-02-22,0
LAC,ORL,0.4718827818961335,1.77,2.1,ORL,2026-02-22,1
IND,DAL,0.4680769758229255,2.1,1.77,DAL,2026-02-22,1
CHI,DET,0.1830023310762463,5.25,1.17,DET,2026-02-21,1
SAS,SAC,0.7820862335363354,1.06,11.0,SAS,2026-02-21,1
PHO,ORL,0.4595102977192747,1.8,2.05,PHO,2026-02-21,0
MIA,MEM,0.6832903300080204,1.21,4.7,MIA,2026-02-21,1
NOP,PHI,0.5297306306529561,2.3,1.65,NOP,2026-02-21,1
NYK,HOU,0.5899040647421043,1.62,2.36,NYK,2026-02-21,1
OKC,BRK,0.623414783932798,1.06,10.0,OKC,2026-02-20,1
CHO,CLE,0.4772152340770172,2.85,1.44,CLE,2026-02-20,1
LAL,LAC,0.4717835255369025,1.32,3.5,LAL,2026-02-20,0
MIN,DAL,0.7536078142859505,1.14,6.0,MIN,2026-02-20,1
NOP,MIL,0.5635144463664633,1.57,2.45,MIL,2026-02-20,0
WAS,IND,0.3147561709000464,1.87,1.95,WAS,2026-02-20,0
POR,DEN,0.4516402616849108,2.02,1.82,DEN,2026-02-20,1
ATL,MIA,0.4664698811201104,2.4,1.6,MIA,2026-02-20,1
MEM,UTA,0.4806738170307643,1.74,2.14,MEM,2026-02-20,0
CHO,HOU,0.5919189123658639,2.14,1.74,HOU,2026-02-19,0
GSW,BOS,0.4357509196577176,2.36,1.62,BOS,2026-02-19,1
SAC,ORL,0.3801615954313848,4.2,1.24,ORL,2026-02-19,1
PHI,ATL,0.627010151095924,1.85,1.98,ATL,2026-02-19,0
CLE,BRK,0.7732295678063129,1.09,8.0,CLE,2026-02-19,1
SAS,PHO,0.6854127005316792,1.34,3.35,SAS,2026-02-19,1
WAS,IND,0.3147561709000464,2.1,1.77,WAS,2026-02-19,0
LAC,DEN,0.5821102734171494,2.5,1.56,LAC,2026-02-19,1
NYK,DET,0.7355407667085171,1.59,2.42,DET,2026-02-19,0
CHI,TOR,0.3305985628061632,2.7,1.49,TOR,2026-02-19,1
LAL,DAL,0.7454570796041108,1.32,3.5,LAL,2026-02-12,1
UTA,POR,0.3644605171358716,3.45,1.33,POR,2026-02-12,1
OKC,MIL,0.7042502402397598,1.13,6.25,MIL,2026-02-12,0
CLE,WAS,0.777262361570454,1.1,7.75,CLE,2026-02-11,1
ORL,MIL,0.652393715752986,1.19,4.9,MIL,2026-02-11,0
PHI,NYK,0.5697357265405844,1.74,2.14,NYK,2026-02-11,0
PHO,OKC,0.6073757748985101,3.2,1.37,OKC,2026-02-11,0
HOU,LAC,0.4739613446162908,1.27,3.95,LAC,2026-02-11,1
UTA,SAC,0.321658072701214,1.46,2.8,UTA,2026-02-11,0
DEN,MEM,0.7114338091943059,1.15,5.9,DEN,2026-02-11,1
BRK,IND,0.4609966830937953,1.54,2.54,IND,2026-02-11,1
NOP,MIA,0.4840592395064658,1.87,1.95,MIA,2026-02-11,1
CHO,ATL,0.6327002908245247,1.54,2.54,CHO,2026-02-11,1
MIN,POR,0.658729973825424,1.43,2.9,MIN,2026-02-11,1
TOR,DET,0.605502541853163,1.91,1.91,DET,2026-02-11,0
BOS,CHI,0.67025952511035,1.14,6.0,BOS,2026-02-11,1
GSW,SAS,0.410654029321132,3.15,1.38,SAS,2026-02-11,1
NYK,IND,0.7789342159777434,1.17,5.4,IND,2026-02-10,0
LAL,SAS,0.5841870331373791,3.7,1.29,SAS,2026-02-10,0
PHO,DAL,0.6627596316804323,1.31,3.6,PHO,2026-02-10,1
HOU,LAC,0.4739613446162908,1.34,3.35,HOU,2026-02-10,0
CHO,DET,0.5885097617745866,2.24,1.68,DET,2026-02-09,0
ORL,MIL,0.652393715752986,1.2,4.8,ORL,2026-02-09,1
LAL,OKC,0.7543929316248463,3.1,1.39,OKC,2026-02-09,0
GSW,MEM,0.5274455644893266,1.25,4.1,GSW,2026-02-09,1
MIN,ATL,0.7083957607569178,1.4,3.05,MIN,2026-02-09,1
DEN,CLE,0.6312277768042588,1.89,1.93,CLE,2026-02-09,0
NOP,SAC,0.5883694074128586,1.32,3.5,NOP,2026-02-09,1
BRK,CHI,0.4454336355150553,2.45,1.57,BRK,2026-02-09,0
MIA,UTA,0.6655299499163136,1.34,3.4,UTA,2026-02-09,0
POR,PHI,0.4210390957177983,2.36,1.62,POR,2026-02-09,0
MIN,LAC,0.6040020382955675,1.28,3.85,LAC,2026-02-08,0
BOS,NYK,0.7308136588982316,1.62,2.36,NYK,2026-02-08,0
WAS,MIA,0.3870499926029135,5.7,1.15,MIA,2026-02-08,1
TOR,IND,0.6212968239435365,1.24,4.3,TOR,2026-02-08,1
SAS,DAL,0.5854058534700369,1.24,4.2,SAS,2026-02-07,1
ORL,UTA,0.5246247754698409,1.39,3.1,ORL,2026-02-07,1
ATL,CHO,0.5278983592044284,2.2,1.7,CHO,2026-02-07,0
OKC,HOU,0.6295602513583777,1.65,2.3,HOU,2026-02-07,0
LAL,GSW,0.5825916292955501,1.7,2.2,LAL,2026-02-07,1
BRK,WAS,0.3395783181009452,1.43,2.9,BRK,2026-02-07,0
CHI,DEN,0.3241919801461649,2.8,1.46,DEN,2026-02-07,1
PHO,PHI,0.6023443879451466,1.82,2.02,PHI,2026-02-07,0
POR,MEM,0.5636106792919233,1.29,3.75,POR,2026-02-07,1
SAC,CLE,0.4338835602576936,5.7,1.15,CLE,2026-02-07,1
DET,NYK,0.5794132530337214,2.0,1.83,DET,2026-02-06,1
BOS,MIA,0.7492700813845622,1.42,2.95,BOS,2026-02-06,1
MIN,NOP,0.5756112277384213,1.24,4.2,NOP,2026-02-06,0
POR,MEM,0.4711969011921527,1.34,3.4,POR,2026-02-06,0
SAC,LAC,0.5235507732489771,2.5,1.56,LAC,2026-02-06,0
MIL,IND,0.452973158242603,1.85,1.98,MIL,2026-02-06,0
DAL,SAS,0.5957763824925223,3.2,1.37,SAS,2026-02-05,0
DET,WAS,0.665625519831455,1.12,6.75,WAS,2026-02-05,0
ATL,UTA,0.480112582385824,1.28,3.85,ATL,2026-02-05,0
PHO,GSW,0.6891693759880917,1.41,3.0,GSW,2026-02-05,0
LAL,PHI,0.6503003717797589,1.56,2.5,LAL,2026-02-05,1
TOR,CHI,0.550007173024117,1.28,3.85,TOR,2026-02-05,1
ORL,BRK,0.4366625789751251,1.28,3.85,ORL,2026-02-05,0
HOU,CHO,0.6422893410821325,1.62,2.36,CHO,2026-02-05,0
NYK,DEN,0.7132966871420504,1.42,2.95,NYK,2026-02-04,1
HOU,BOS,0.6353235051277741,1.51,2.64,BOS,2026-02-04,0
SAS,OKC,0.5554275417277843,2.05,1.8,SAS,2026-02-04,1
TOR,MIN,0.5713869379465228,2.2,1.7,MIN,2026-02-04,0
MIL,NOP,0.4605661629273932,2.54,1.54,MIL,2026-02-04,0
SAC,MEM,0.4555494370726308,1.89,1.93,MEM,2026-02-04,1
LAC,CLE,0.4715631737298918,2.1,1.77,CLE,2026-02-04,1
IND,UTA,0.4742785407580659,1.65,2.3,UTA,2026-02-03,1
MIA,ATL,0.6109948393881908,1.62,2.36,ATL,2026-02-03,0
OKC,ORL,0.6773426479596529,1.38,3.15,OKC,2026-02-03,1
POR,PHO,0.4911335917911852,2.14,1.74,PHO,2026-02-03,1
GSW,PHI,0.5025723233936082,1.65,2.3,PHI,2026-02-03,0
DAL,BOS,0.4533852366905112,3.1,1.39,BOS,2026-02-03,1
DET,DEN,0.716053284724252,1.57,2.45,DET,2026-02-03,1
WAS,NYK,0.3158383862909587,6.0,1.14,NYK,2026-02-03,1
BRK,LAL,0.282768288816755,4.1,1.25,LAL,2026-02-03,1
MIL,CHI,0.435729062249507,2.2,1.7,MIL,2026-02-03,0
IND,HOU,0.456771268324122,3.0,1.41,HOU,2026-02-02,1
LAC,PHI,0.5820468909883585,1.77,2.1,PHI,2026-02-02,0
CHO,NOP,0.6376708655721519,1.39,3.1,CHO,2026-02-02,1
MEM,MIN,0.448404833836138,3.3,1.35,MEM,2026-02-02,0
BOS,MIL,0.7190542649305268,1.16,5.55,BOS,2026-02-01,1
DET,BRK,0.6778113442885901,1.14,6.0,DET,2026-02-01,1
DEN,OKC,0.6220144051758707,3.35,1.34,OKC,2026-02-01,0
PHO,LAC,0.7239283581628616,2.05,1.8,LAC,2026-02-01,0
NYK,LAL,0.6773325993260675,1.52,2.6,NYK,2026-02-01,1
WAS,SAC,0.4039730249999853,2.14,1.74,WAS,2026-02-01,0
POR,CLE,0.5315308718107555,2.3,1.65,CLE,2026-02-01,0
SAS,ORL,0.6134567473659905,1.49,2.7,SAS,2026-02-01,1
TOR,UTA,0.5693048177076252,1.21,4.7,TOR,2026-02-01,1
MIA,CHI,0.4733828306970907,1.59,2.42,MIA,2026-02-01,0
PHI,NOP,0.5098167533516186,1.24,4.2,PHI,2026-01-31,1
MEM,MIN,0.4655423402351034,3.6,1.31,MIN,2026-01-31,1
IND,ATL,0.476664210103495,2.02,1.82,IND,2026-01-31,0
MIA,CHI,0.5791650485927377,1.54,2.54,CHI,2026-01-31,0
CHO,SAS,0.5631111305800589,2.45,1.57,CHO,2026-01-31,1
HOU,DAL,0.5335559815759205,1.21,4.6,HOU,2026-01-31,1
GSW,DET,0.647262279881838,1.82,2.02,DET,2026-01-30,0
UTA,BRK,0.3178816489172536,1.74,2.14,BRK,2026-01-30,1
ORL,TOR,0.4379582046513078,1.8,2.05,ORL,2026-01-30,0
BOS,SAC,0.6379133475806998,1.18,5.1,BOS,2026-01-30,1
PHO,CLE,0.5165283169541854,2.5,1.56,PHO,2026-01-30,1
NYK,POR,0.810800683951908,1.35,3.3,NYK,2026-01-30,1
WAS,LAL,0.3738354320295959,3.85,1.28,LAL,2026-01-30,1
NOP,MEM,0.5444470488535987,1.7,2.2,NOP,2026-01-30,1
DEN,LAC,0.5564567219020256,2.8,1.46,DEN,2026-01-30,1
WAS,MIL,0.3561465847309845,2.14,1.74,WAS,2026-01-29,0
DEN,BRK,0.5804382834367366,1.37,3.2,DEN,2026-01-29,1
MIN,OKC,0.612421802992306,2.9,1.43,MIN,2026-01-29,1
ATL,HOU,0.423755174530974,2.64,1.51,HOU,2026-01-29,1
PHO,DET,0.6182063287926581,2.36,1.62,PHO,2026-01-29,1
PHI,SAC,0.4265008332808914,1.2,4.8,PHI,2026-01-29,0
DAL,CHO,0.4981168805236429,2.3,1.65,CHO,2026-01-29,1
CHI,MIA,0.6213458899318527,2.05,1.8,MIA,2026-01-29,0
TOR,NYK,0.6266132774152411,1.8,2.05,NYK,2026-01-28,0
CLE,LAL,0.5536363750964381,1.68,2.24,CLE,2026-01-28,1
IND,CHI,0.4969075030029516,2.14,1.74,IND,2026-01-28,0
DAL,MIN,0.4597563139830929,3.05,1.4,MIN,2026-01-28,1
HOU,SAS,0.630680414020733,1.68,2.24,SAS,2026-01-28,0
MIA,ORL,0.4549776478734623,1.68,2.24,ORL,2026-01-28,1
BOS,ATL,0.6383175507668652,1.43,2.9,ATL,2026-01-28,0
MEM,CHO,0.3457381079824077,2.1,1.77,CHO,2026-01-28,1
UTA,GSW,0.5347726532389238,3.85,1.28,GSW,2026-01-28,0
OKC,NOP,0.7208918845452061,1.12,6.75,OKC,2026-01-27,1
UTA,LAC,0.3200457036671725,3.7,1.29,LAC,2026-01-27,1
PHO,BRK,0.667948820815848,1.26,4.0,PHO,2026-01-27,1
PHI,MIL,0.5116808576362128,1.22,4.5,PHI,2026-01-27,1
DEN,DET,0.4831766775074529,3.15,1.38,DET,2026-01-27,1
NYK,SAC,0.6472507848996196,1.13,6.25,NYK,2026-01-27,1
WAS,POR,0.3589125551937692,3.15,1.38,WAS,2026-01-27,0
ATL,IND,0.5556491350764399,1.44,2.85,ATL,2026-01-26,1
HOU,MEM,0.5730487290946986,1.23,4.4,HOU,2026-01-26,1
CHI,LAL,0.5577821279700614,1.98,1.85,LAL,2026-01-26,0
CHO,PHI,0.6319440350322418,1.74,2.14,CHO,2026-01-26,1
MIN,GSW,0.5744474397762707,1.36,3.25,MIN,2026-01-26,1
CLE,ORL,0.6259577576647946,1.4,3.05,CLE,2026-01-26,1
BOS,POR,0.6520939286573967,1.33,3.45,BOS,2026-01-26,1
SAS,NOP,0.571253214071861,1.19,5.0,NOP,2026-01-25,0
OKC,TOR,0.6550501098967052,1.19,4.9,TOR,2026-01-25,0
MIL,DAL,0.6395565011397644,1.7,2.2,0,2026-01-25,0
PHO,MIA,0.6465176172632007,1.56,2.5,MIA,2026-01-25,0
LAC,BRK,0.6152300360444871,1.29,3.75,LAC,2026-01-25,1
DET,SAC,0.6696656044345634,1.15,5.7,DET,2026-01-25,1
MIN,GSW,0.6597522304209914,1.41,3.0,GSW,2026-01-25,0
ORL,CLE,0.4061525956589444,1.74,2.14,CLE,2026-01-24,1
DAL,LAL,0.5928273331048893,2.4,1.6,LAL,2026-01-24,0
CHO,WAS,0.6362450756980725,1.2,4.8,CHO,2026-01-24,1
UTA,MIA,0.4069267851610156,3.0,1.41,MIA,2026-01-24,1
MIN,GSW,0.6065120659999228,1.43,2.9,0,2026-01-24,0
CHI,BOS,0.5546132112864925,1.82,2.02,CHI,2026-01-24,1
PHI,NYK,0.4211362528320194,1.87,1.95,NYK,2026-01-24,1
BRK,BOS,0.3120279404685067,3.85,1.28,BOS,2026-01-23,1
POR,TOR,0.6246634963964303,2.2,1.7,TOR,2026-01-23,0
DET,HOU,0.6090419645868045,1.56,2.5,HOU,2026-01-23,0
MEM,NOP,0.4507753417399343,1.44,2.85,NOP,2026-01-23,1
CLE,SAC,0.6401399934929236,1.18,5.1,CLE,2026-01-23,1
MIL,DEN,0.6240139866548581,1.41,3.0,DEN,2026-01-23,0
OKC,IND,0.7023656339061689,1.09,8.0,IND,2026-01-23,0
ATL,PHO,0.3978462268605768,2.36,1.62,ATL,2026-01-23,0
LAC,LAL,0.5291422953764394,1.89,1.93,LAC,2026-01-22,1
WAS,DEN,0.3723614726802082,2.85,1.44,DEN,2026-01-22,1
UTA,SAS,0.4116828912380946,5.9,1.15,SAS,2026-01-22,1
DAL,GSW,0.6003165892167142,2.85,1.44,DAL,2026-01-22,1
POR,MIA,0.6856091483703756,1.83,2.0,POR,2026-01-22,1
MIN,CHI,0.5876754642868934,1.25,4.1,CHI,2026-01-22,0
PHI,HOU,0.6495176052998469,2.14,1.74,PHI,2026-01-22,1
ORL,CHO,0.553309236849102,1.41,3.0,CHO,2026-01-22,0
NOP,DET,0.4980753179881703,4.3,1.24,DET,2026-01-21,1
SAC,TOR,0.5025536861180824,2.8,1.46,TOR,2026-01-21,0
BOS,IND,0.7012720856454976,1.2,4.8,BOS,2026-01-21,1
MIL,OKC,0.5335657122667422,4.2,1.24,OKC,2026-01-21,0
CHO,CLE,0.5597644527070658,2.24,1.68,CLE,2026-01-21,0
MEM,ATL,0.410587008799447,1.8,2.05,ATL,2026-01-21,1
NYK,BRK,0.4547368572031249,1.17,5.4,NYK,2026-01-21,0
PHI,PHO,0.632287149133389,1.82,2.02,PHO,2026-01-20,0
CHI,LAC,0.5780928767531399,1.62,2.36,CHI,2026-01-20,1
SAC,MIA,0.5505432499121552,2.36,1.62,MIA,2026-01-20,0
HOU,SAS,0.4517798908699305,1.62,2.36,HOU,2026-01-20,0
DEN,LAL,0.5193586680354028,2.24,1.68,LAL,2026-01-20,0
UTA,MIN,0.3944547878762297,5.4,1.17,UTA,2026-01-20,0
GSW,TOR,0.7053917669640344,1.62,2.36,TOR,2026-01-20,0
CLE,OKC,0.5626955007632881,2.85,1.44,OKC,2026-01-19,0
NYK,DAL,0.3777416165725805,1.23,4.4,DAL,2026-01-19,1
ATL,MIL,0.3272245961823101,1.74,2.14,MIL,2026-01-19,1
SAS,UTA,0.6401473865759404,1.1,7.75,SAS,2026-01-19,1
BRK,PHO,0.4284961717788276,3.7,1.29,PHO,2026-01-19,1
WAS,LAC,0.2543051847779675,3.25,1.36,LAC,2026-01-19,1
DET,BOS,0.7188304323478916,1.65,2.3,DET,2026-01-19,1
PHI,IND,0.8041860660531654,1.39,3.1,PHI,2026-01-19,1
GSW,MIA,0.7130773325002058,1.46,2.8,GSW,2026-01-19,1
DEN,CHO,0.5489490949815212,1.83,2.0,CHO,2026-01-18,0
LAL,TOR,0.6934616770963775,2.05,1.8,LAL,2026-01-18,1
CHI,BRK,0.5909984888594063,1.41,3.0,CHI,2026-01-18,1
MEM,ORL,0.4166107062612468,2.42,1.59,MEM,2026-01-18,0
HOU,NOP,0.6685192305542563,1.13,6.25,HOU,2026-01-18,1
SAC,POR,0.3978776466486655,1.68,2.24,POR,2026-01-18,1
DEN,WAS,0.5872593825836531,1.15,5.7,DEN,2026-01-17,1
GSW,CHO,0.5435084508772369,1.36,3.25,GSW,2026-01-17,1
MIA,OKC,0.4364626215918478,4.4,1.23,MIA,2026-01-17,0
POR,LAL,0.5110063240666811,1.65,2.3,POR,2026-01-17,1
NYK,PHO,0.4062728124093717,1.59,2.42,PHO,2026-01-17,1
SAS,MIN,0.5933550970210403,1.42,2.95,SAS,2026-01-17,1
DAL,UTA,0.5304086692478349,1.62,2.36,DAL,2026-01-17,1
DET,IND,0.648827810767519,1.14,6.0,DET,2026-01-17,1
ATL,BOS,0.4667897489038531,2.36,1.62,BOS,2026-01-17,1
SAC,WAS,0.3844485379596853,1.37,3.2,SAC,2026-01-16,0
IND,NOP,0.4879714874854292,1.59,2.42,IND,2026-01-16,0
BRK,CHI,0.2798137238992225,1.8,2.05,BRK,2026-01-16,0
HOU,MIN,0.5991149469438325,1.56,2.5,HOU,2026-01-16,1
TOR,LAC,0.4914583437531902,2.05,1.8,LAC,2026-01-16,1
PHI,CLE,0.5704755763813759,1.7,2.2,CLE,2026-01-16,0
DAL,UTA,0.4107875873273174,1.7,2.2,DAL,2026-01-15,0
HOU,OKC,0.5369616545424593,2.64,1.51,OKC,2026-01-15,0
POR,ATL,0.5432507690412679,2.4,1.6,POR,2026-01-15,1
ORL,MEM,0.5974978553549952,1.43,2.9,ORL,2026-01-15,1
MIA,BOS,0.4944659509359115,2.24,1.68,BOS,2026-01-15,1
GSW,NYK,0.6228020179151444,1.4,3.05,GSW,2026-01-15,1
DET,PHO,0.5962413289042435,1.35,3.3,DET,2026-01-15,1
SAS,MIL,0.4055834725309643,1.34,3.35,SAS,2026-01-15,0
LAL,CHO,0.670522081435954,1.56,2.5,CHO,2026-01-15,0
SAC,NYK,0.3505544888281816,4.8,1.2,SAC,2026-01-14,0
LAC,WAS,0.6892687843888079,1.15,5.9,LAC,2026-01-14,1
DAL,DEN,0.391469161201273,1.82,2.02,DEN,2026-01-14,1
CHI,UTA,0.3773716076207121,1.56,2.5,CHI,2026-01-14,0
PHI,CLE,0.7064706546389082,1.87,1.95,CLE,2026-01-14,0
IND,TOR,0.4957492551270722,2.14,1.74,TOR,2026-01-14,1
NOP,BRK,0.4249656281749272,2.1,1.77,NOP,2026-01-14,0
LAL,ATL,0.6713112546211288,2.2,1.7,LAL,2026-01-13,1
NOP,DEN,0.4510095729330178,2.05,1.8,DEN,2026-01-13,1
OKC,SAS,0.6996349255260431,1.29,3.7,OKC,2026-01-13,1
MIA,PHO,0.4577259306013257,1.87,1.95,MIA,2026-01-13,0
HOU,CHI,0.6905142309709209,1.17,5.4,HOU,2026-01-13,1
MIL,MIN,0.6505288596784253,1.68,2.24,MIN,2026-01-13,0
GSW,POR,0.625130988298508,1.23,4.4,GSW,2026-01-13,1
DAL,BRK,0.4482472186654126,1.62,2.36,DAL,2026-01-12,0
CLE,UTA,0.6769057124984172,1.14,6.0,UTA,2026-01-12,0
IND,BOS,0.5853434208632223,2.85,1.44,IND,2026-01-12,1
LAC,CHO,0.439464281732815,1.52,2.6,LAC,2026-01-12,0
TOR,PHI,0.5860632624198406,2.3,1.65,PHI,2026-01-12,0
SAC,LAL,0.3030865433753891,4.0,1.26,SAC,2026-01-12,0
SAC,HOU,0.3217759941788336,5.7,1.15,SAC,2026-01-11,0
POR,NYK,0.6174432143720677,2.6,1.52,NYK,2026-01-11,0
ORL,NOP,0.5366703668603217,1.39,3.1,ORL,2026-01-11,1
OKC,MIA,0.7282701017450532,1.12,6.5,OKC,2026-01-11,1
TOR,PHI,0.6428520307844056,2.54,1.54,TOR,2026-01-11,1
GSW,ATL,0.6423893361901992,1.46,2.8,ATL,2026-01-11,0
PHO,WAS,0.7361129763061817,1.12,6.5,PHO,2026-01-11,1
MIN,SAS,0.6539265318434804,1.7,2.2,MIN,2026-01-11,1
MEM,BRK,0.5475173366887672,1.36,3.25,MEM,2026-01-11,1
DEN,MIL,0.5031058615687718,2.14,1.74,DEN,2026-01-11,1
CLE,MIN,0.621974270115102,1.7,2.2,CLE,2026-01-10,1
IND,MIA,0.470258158783129,3.3,1.35,IND,2026-01-10,0
DET,LAC,0.637491090465814,1.51,2.64,LAC,2026-01-10,0
BOS,SAS,0.6608771232919017,1.98,1.85,SAS,2026-01-10,0
UTA,CHO,0.4178226412268801,2.54,1.54,CHO,2026-01-10,1
CHI,DAL,0.3811653539700926,1.68,2.24,CHI,2026-01-10,0
LAL,MIL,0.5296896031105625,1.65,2.3,MIL,2026-01-09,0
MEM,OKC,0.3664680800512817,2.8,1.46,OKC,2026-01-09,1
BOS,TOR,0.7189119091481779,1.23,4.4,BOS,2026-01-09,1
DEN,ATL,0.5474878245923759,2.02,1.82,ATL,2026-01-09,0
ORL,PHI,0.4577676328173523,2.3,1.65,PHI,2026-01-09,1
WAS,NOP,0.5131237498621448,2.2,1.7,NOP,2026-01-09,0
GSW,SAC,0.6239644410416928,1.13,6.25,GSW,2026-01-09,1
BRK,LAC,0.4596808834503605,2.64,1.51,LAC,2026-01-09,1
POR,HOU,0.5049763251584368,3.0,1.41,POR,2026-01-09,1
PHO,NYK,0.6591690742870373,1.98,1.85,PHO,2026-01-09,1
CHO,IND,0.600928022277749,1.56,2.5,IND,2026-01-08,0
CHI,MIA,0.5354143728875641,3.2,1.37,0,2026-01-08,0
MIN,CLE,0.705668728118653,1.8,2.05,MIN,2026-01-08,1
UTA,DAL,0.5193399852388226,2.9,1.43,UTA,2026-01-08,1
ATL,NOP,0.4105546075906678,1.23,4.4,ATL,2026-01-07,0
CHO,TOR,0.5304659414926364,2.1,1.77,TOR,2026-01-07,0
PHI,WAS,0.6769804219202518,1.14,6.0,PHI,2026-01-07,1
BRK,ORL,0.6153606353418279,2.1,1.77,ORL,2026-01-07,0
OKC,UTA,0.7916319983820829,1.08,8.5,OKC,2026-01-07,1
MEM,PHO,0.5021746104323312,2.8,1.46,PHO,2026-01-07,0
GSW,MIL,0.6231598799776962,1.43,2.9,GSW,2026-01-07,1
POR,HOU,0.6010729858965135,3.15,1.38,POR,2026-01-07,1
BOS,DEN,0.7561656647836603,1.26,4.0,DEN,2026-01-07,0
DET,CHI,0.6778283321160116,1.24,4.2,DET,2026-01-07,1
SAS,LAL,0.6684943010764368,1.41,3.0,SAS,2026-01-07,1
NYK,LAC,0.573384360750434,1.54,2.54,NYK,2026-01-07,1
SAC,DAL,0.3500187786650042,2.8,1.46,DAL,2026-01-06,1
WAS,ORL,0.3851722477806105,3.25,1.36,WAS,2026-01-06,0
MIN,MIA,0.6742348557999109,1.46,2.8,MIN,2026-01-06,1
NOP,LAL,0.3524277031630957,2.85,1.44,LAL,2026-01-06,1
IND,CLE,0.4187051293893458,2.8,1.46,CLE,2026-01-06,1
MEM,SAS,0.5078559421468926,2.9,1.43,MEM,2026-01-06,1
PHI,DEN,0.5928963086528374,1.17,5.4,DEN,2026-01-05,0
OKC,CHO,0.6399256028217224,1.09,8.0,CHO,2026-01-05,0
HOU,PHO,0.6086552337953691,1.31,3.6,HOU,2026-01-05,1
BOS,CHI,0.6815712799740434,1.19,4.9,BOS,2026-01-05,1
LAC,GSW,0.5835816562958499,1.83,2.0,LAC,2026-01-05,1
DET,NYK,0.6648670356899954,2.3,1.65,DET,2026-01-05,1
POR,UTA,0.4748364818479348,1.42,2.95,POR,2026-01-05,0
TOR,ATL,0.671663023525516,1.62,2.36,TOR,2026-01-05,1
MIA,NOP,0.4632010953016801,1.33,3.45,MIA,2026-01-04,0
BRK,DEN,0.5630168191575472,2.24,1.68,BRK,2026-01-04,1
ORL,IND,0.6554445735235361,1.41,3.0,ORL,2026-01-04,1
SAC,MIL,0.2722856766465579,3.05,1.4,MIL,2026-01-04,1
PHO,OKC,0.574039585475278,4.1,1.25,PHO,2026-01-04,1
WAS,MIN,0.4098726657555061,4.5,1.22,MIN,2026-01-04,1
CLE,DET,0.6167316425530743,1.51,2.64,DET,2026-01-04,0
LAL,MEM,0.5497868988224193,1.43,2.9,LAL,2026-01-04,1
DAL,HOU,0.3334610324179232,3.7,1.29,DAL,2026-01-03,0
SAS,POR,0.6470023116326212,1.28,3.85,POR,2026-01-03,0
NYK,PHI,0.6327208062713386,1.65,2.3,PHI,2026-01-03,0
GSW,UTA,0.6526015238568514,1.16,5.55,GSW,2026-01-03,1
LAC,BOS,0.6600072712201475,1.85,1.98,BOS,2026-01-03,0
MIA,MIN,0.5748099870603376,2.24,1.68,MIN,2026-01-03,0
CHI,CHO,0.497521874581029,1.8,2.05,CHO,2026-01-03,1
TOR,ATL,0.534588325892931,1.62,2.36,TOR,2026-01-03,1
NOP,POR,0.5745498138169773,1.93,1.89,POR,2026-01-02,0
WAS,BRK,0.471617524805523,1.98,1.85,WAS,2026-01-02,0
IND,SAS,0.4020721728994454,2.95,1.42,SAS,2026-01-02,1
MIL,CHO,0.5312622189147572,1.41,3.0,MIL,2026-01-02,1
CHI,ORL,0.524876782829098,2.6,1.52,CHI,2026-01-02,1
LAL,MEM,0.559111901413608,1.57,2.45,LAL,2026-01-02,1
CLE,DEN,0.6169363751627692,1.12,6.5,CLE,2026-01-02,1
NYK,ATL,0.5547926338016184,1.32,3.5,ATL,2026-01-02,0
GSW,OKC,0.4728933142533146,4.0,1.26,OKC,2026-01-02,1
PHO,SAC,0.6045375634437675,1.13,6.25,PHO,2026-01-02,1
DAL,PHI,0.4803724870421181,2.14,1.74,PHI,2026-01-01,1
BRK,HOU,0.7042342510126421,5.0,1.19,HOU,2026-01-01,0
LAC,UTA,0.7704206845014344,1.15,5.9,LAC,2026-01-01,1
SAC,BOS,0.3415741149364661,4.2,1.24,BOS,2026-01-01,1
DET,MIA,0.4422385072029466,1.51,2.64,MIA,2026-01-01,1
TOR,DEN,0.420570149069463,1.39,3.1,DEN,2025-12-31,1
MIL,WAS,0.563859305990741,1.18,5.1,WAS,2025-12-31,0
CHI,NOP,0.5189050204049604,1.85,1.98,CHI,2025-12-31,1
CLE,PHO,0.4035159584925781,1.42,2.95,CLE,2025-12-31,0
ATL,MIN,0.2921247752644692,2.7,1.49,ATL,2025-12-31,0
IND,ORL,0.5247141102217976,2.4,1.6,ORL,2025-12-31,0
OKC,POR,0.709291445411883,1.08,8.5,OKC,2025-12-31,1
SAS,NYK,0.6066725907181034,1.82,2.02,SAS,2025-12-31,1
CHO,GSW,0.4309506041046256,3.0,1.41,GSW,2025-12-31,1
LAL,DET,0.5986010569837851,2.24,1.68,DET,2025-12-30,0
MEM,PHI,0.6851252838799331,1.95,1.87,PHI,2025-12-30,0
LAC,SAC,0.6992452868250728,1.24,4.3,LAC,2025-12-30,1
UTA,BOS,0.4905974079203489,3.4,1.34,BOS,2025-12-30,1
HOU,IND,0.6730168001823373,1.1,7.5,HOU,2025-12-29,1
NOP,NYK,0.4006360355062581,3.85,1.28,NYK,2025-12-29,1
MIA,DEN,0.4711590057182661,2.14,1.74,MIA,2025-12-29,0
BRK,GSW,0.7126272264624147,2.5,1.56,GSW,2025-12-29,0
CHI,MIN,0.3762986649716293,2.95,1.42,MIN,2025-12-29,1
OKC,ATL,0.7556120600138033,1.1,7.75,OKC,2025-12-29,1
POR,DAL,0.440095981734379,1.74,2.14,POR,2025-12-29,0
CHO,MIL,0.4747708261691403,2.36,1.62,MIL,2025-12-29,1
WAS,PHO,0.500091152787734,4.8,1.2,PHO,2025-12-29,0
TOR,ORL,0.4755779788406973,2.02,1.82,TOR,2025-12-29,0
SAS,CLE,0.7165933640697243,1.74,2.14,CLE,2025-12-29,0
WAS,MEM,0.2974250363677465,3.2,1.37,WAS,2025-12-28,0
POR,BOS,0.3692644023784283,3.15,1.38,POR,2025-12-28,0
OKC,PHI,0.7250377772394169,1.1,7.75,OKC,2025-12-28,1
LAL,SAC,0.5591892701935385,1.15,5.7,LAL,2025-12-28,1
LAC,DET,0.6640133555330131,2.36,1.62,LAC,2025-12-28,1
TOR,GSW,0.4532713200446184,2.54,1.54,TOR,2025-12-28,0
NOP,PHO,0.4849774003014638,2.7,1.49,PHO,2025-12-27,1
ATL,NYK,0.473211430717079,3.05,1.4,NYK,2025-12-27,1
MIA,IND,0.4508210615218815,1.28,3.85,MIA,2025-12-27,0
SAC,DAL,0.498736963832273,2.3,1.65,SAC,2025-12-27,0
CHI,MIL,0.5816222336173813,1.68,2.24,MIL,2025-12-27,0
HOU,CLE,0.6275119716935952,1.57,2.45,HOU,2025-12-27,1
SAS,UTA,0.6059371721923307,1.08,8.5,UTA,2025-12-27,0
MIN,BRK,0.6823484754956093,1.19,5.0,BRK,2025-12-27,0
ORL,DEN,0.5163093292772963,2.6,1.52,ORL,2025-12-27,1
POR,LAC,0.3430423689677759,2.14,1.74,LAC,2025-12-26,1
CHI,PHI,0.5402678604713175,1.89,1.93,CHI,2025-12-26,1
WAS,TOR,0.2792349919815317,3.6,1.31,WAS,2025-12-26,0
UTA,DET,0.3958008508792635,4.4,1.23,UTA,2025-12-26,0
IND,BOS,0.3771093039451137,3.75,1.29,BOS,2025-12-26,1
ORL,CHO,0.3988813914571564,1.39,3.1,CHO,2025-12-26,1
NOP,PHO,0.3984133080982148,2.45,1.57,PHO,2025-12-26,1
ATL,MIA,0.6768547741071064,1.57,2.45,MIA,2025-12-26,0
MEM,MIL,0.546004602227101,1.46,2.8,MEM,2025-12-26,1
GSW,DAL,0.5883386782456852,1.28,3.8,GSW,2025-12-25,1
DEN,MIN,0.664976715829645,1.6,2.4,DEN,2025-12-25,1
NYK,CLE,0.6038493205795767,1.45,2.8,NYK,2025-12-25,1
LAL,HOU,0.5348190367984185,2.1,1.68,HOU,2025-12-25,0
OKC,SAS,0.6744451387365771,1.28,3.8,SAS,2025-12-25,0
ATL,CHI,0.3344492696095467,1.68,2.24,CHI,2025-12-23,1
SAC,DET,0.4359737654172695,4.0,1.26,DET,2025-12-23,1
PHO,LAL,0.4760526624922572,1.57,2.45,PHO,2025-12-23,0
UTA,MEM,0.5209443897460855,2.42,1.59,MEM,2025-12-23,0
SAS,OKC,0.5943021987690378,3.1,1.39,SAS,2025-12-23,1
MIA,TOR,0.4542246469534439,1.44,2.85,TOR,2025-12-23,1
PHI,BRK,0.5649729711703267,1.26,4.0,BRK,2025-12-23,0
LAC,HOU,0.6432243457026275,3.5,1.32,LAC,2025-12-23,1
CHO,WAS,0.4905691278219317,1.4,3.05,CHO,2025-12-23,0
POR,ORL,0.471353406277926,2.0,1.83,ORL,2025-12-23,1
IND,MIL,0.5283468968882382,2.0,1.83,MIL,2025-12-23,0
DAL,DEN,0.5032886872808779,2.95,1.42,DAL,2025-12-23,1
CLE,NOP,0.5666149715143373,1.26,4.0,CLE,2025-12-23,1
MIN,NYK,0.6283609616454537,1.36,3.25,MIN,2025-12-23,1
BOS,IND,0.6854287910848196,1.17,5.4,BOS,2025-12-22,1
NOP,DAL,0.4352119701924436,1.8,2.05,NOP,2025-12-22,0
GSW,ORL,0.5986332312339849,1.43,2.9,GSW,2025-12-22,1
CLE,CHO,0.6275176307840361,1.25,4.1,CLE,2025-12-22,1
POR,DET,0.4038722180633613,2.95,1.42,DET,2025-12-22,1
DEN,UTA,0.672845119945678,1.12,6.75,DEN,2025-12-22,1
OKC,MEM,0.7163144110860689,1.07,9.0,OKC,2025-12-22,1
ATL,CHI,0.4634122811017669,1.52,2.6,CHI,2025-12-21,1
SAC,HOU,0.4773501589369956,5.7,1.15,SAC,2025-12-21,0
WAS,SAS,0.3092029788135025,9.0,1.07,SAS,2025-12-21,1
MIN,MIL,0.6906837823775704,1.15,5.7,MIN,2025-12-21,1
NYK,MIA,0.6274021903974386,1.32,3.5,NYK,2025-12-21,1
BRK,TOR,0.6928688236271174,2.4,1.6,BRK,2025-12-21,1
SAC,POR,0.3438549143732438,2.54,1.54,POR,2025-12-20,1
UTA,ORL,0.4893360070159722,3.35,1.34,ORL,2025-12-20,1
GSW,PHO,0.5355295787625414,1.41,3.0,GSW,2025-12-20,1
LAC,LAL,0.5046330895154568,1.98,1.85,LAC,2025-12-20,1
DEN,HOU,0.6175347693173632,2.0,1.83,HOU,2025-12-20,0
DET,CHO,0.5620660535677824,1.19,4.9,DET,2025-12-20,1
TOR,BOS,0.3805520495956651,2.0,1.83,BOS,2025-12-20,1
MEM,WAS,0.6281547672482698,1.13,6.25,WAS,2025-12-20,0
NOP,IND,0.397491822010583,1.74,2.14,NOP,2025-12-20,0
PHI,DAL,0.6827665437596036,1.65,2.3,PHI,2025-12-20,1
ATL,SAS,0.3620571752900073,2.24,1.68,SAS,2025-12-19,1
NYK,PHI,0.6927230779114832,1.54,2.54,PHI,2025-12-19,0
BOS,MIA,0.6381881857534353,1.37,3.2,BOS,2025-12-19,1
MIN,OKC,0.6119303796786107,3.7,1.29,MIN,2025-12-19,1
CLE,CHI,0.5112553884299316,1.34,3.35,CHI,2025-12-19,0
DEN,ORL,0.665924122481555,1.35,3.3,DEN,2025-12-18,1
OKC,LAC,0.8244689693355142,1.06,10.5,OKC,2025-12-18,1
CHO,ATL,0.542080771856923,2.8,1.46,CHO,2025-12-18,1
IND,NYK,0.5585884387850045,2.54,1.54,NYK,2025-12-18,0
POR,SAC,0.4957509247624992,1.28,3.8,POR,2025-12-18,0
SAS,WAS,0.6068812243539208,1.09,8.0,SAS,2025-12-18,1
PHO,GSW,0.4679468519218731,2.05,1.8,PHO,2025-12-18,0
BRK,MIA,0.7200505770408979,3.1,1.39,MIA,2025-12-18,0
UTA,LAL,0.4421639068358375,3.6,1.31,LAL,2025-12-18,1
MIL,TOR,0.6223926990371704,2.64,1.51,TOR,2025-12-18,0
DAL,DET,0.5888138548279976,2.9,1.43,DAL,2025-12-18,1
NOP,HOU,0.418783910942663,4.2,1.24,NOP,2025-12-18,0
MIN,MEM,0.5784776449927593,1.34,3.4,MEM,2025-12-17,0
CHI,CLE,0.372166928275114,2.54,1.54,CHI,2025-12-17,0
DEN,HOU,0.6054177606840577,1.85,1.98,DEN,2025-12-15,1
UTA,DAL,0.4228723374649041,2.14,1.74,UTA,2025-12-15,0
MIA,TOR,0.5404633788130144,1.44,2.85,TOR,2025-12-15,0
BOS,DET,0.6222335524421478,1.82,2.02,DET,2025-12-15,0
LAC,MEM,0.5600309656558601,1.56,2.5,MEM,2025-12-15,0
MIN,SAC,0.7492702570862274,1.17,5.4,MIN,2025-12-14,1
ATL,PHI,0.4241059764263076,1.54,2.54,ATL,2025-12-14,0
PHO,LAL,0.4047123041743233,2.02,1.82,LAL,2025-12-14,1
CLE,CHO,0.637258631230552,1.17,5.4,CHO,2025-12-14,0
BRK,MIL,0.4843380836083482,2.05,1.8,BRK,2025-12-14,0
POR,GSW,0.3776094867388249,2.54,1.54,POR,2025-12-14,0
CHI,NOP,0.2924423756268633,1.57,2.45,NOP,2025-12-14,1
IND,WAS,0.6866961236334618,1.25,4.1,WAS,2025-12-14,0
ORL,NYK,0.5491172932866707,2.64,1.51,NYK,2025-12-13,0
OKC,SAS,0.784729037613859,1.19,4.9,SAS,2025-12-13,0
DAL,BRK,0.4740722832361979,1.32,3.5,DAL,2025-12-12,0
WAS,CLE,0.3225161912844935,8.5,1.08,CLE,2025-12-12,1
GSW,MIN,0.5426715356665905,1.57,2.45,MIN,2025-12-12,0
PHI,IND,0.4982087344074586,1.34,3.35,PHI,2025-12-12,0
DET,ATL,0.5243991127021357,1.35,3.3,DET,2025-12-12,1
CHO,CHI,0.4746380976637648,2.24,1.68,CHI,2025-12-12,1
MEM,UTA,0.704155830247829,1.41,3.0,UTA,2025-12-12,0
SAC,DEN,0.3729629239579561,4.7,1.21,DEN,2025-12-11,1
MIL,BOS,0.5094551028232459,4.2,1.24,MIL,2025-12-11,1
HOU,LAC,0.6640738322904403,1.24,4.2,HOU,2025-12-11,1
NOP,POR,0.5368536502500362,2.45,1.57,NOP,2025-12-11,1
LAL,SAS,0.6828062439136431,1.36,3.25,SAS,2025-12-10,0
OKC,PHO,0.7839672881752769,1.1,7.75,OKC,2025-12-10,1
ORL,MIA,0.6960493023746125,1.89,1.93,ORL,2025-12-09,1
TOR,NYK,0.4367227194394134,2.8,1.46,NYK,2025-12-09,1
IND,SAC,0.5742137729435185,1.56,2.5,IND,2025-12-08,1
MIN,PHO,0.7210080117451217,1.29,3.75,PHO,2025-12-08,0
NOP,SAS,0.4311120312219246,4.4,1.23,SAS,2025-12-08,1
PHI,LAL,0.624214118191619,2.4,1.6,LAL,2025-12-07,0
CHO,DEN,0.3637560695963289,4.8,1.2,DEN,2025-12-07,1
NYK,ORL,0.7524579369686818,1.62,2.24,NYK,2025-12-07,1
CHI,GSW,0.3363838418950795,1.93,1.89,GSW,2025-12-07,1
MEM,POR,0.5609849272385484,1.85,1.98,MEM,2025-12-07,1
TOR,BOS,0.4175628880046949,2.3,1.65,BOS,2025-12-07,1
UTA,OKC,0.373669804871983,4.8,1.2,OKC,2025-12-07,1
WAS,ATL,0.3142286123979808,4.3,1.24,ATL,2025-12-06,1
MIN,LAC,0.7622944863964465,1.27,3.95,MIN,2025-12-06,1
DAL,HOU,0.3736331396429546,3.35,1.34,DAL,2025-12-06,0
CLE,GSW,0.6458256248268818,1.32,3.5,GSW,2025-12-06,0
DET,MIL,0.6209386954223907,1.15,5.9,DET,2025-12-06,1
BRK,NOP,0.6119847469737508,1.59,2.42,BRK,2025-12-06,1
MIA,SAC,0.650067277573942,1.25,4.1,SAC,2025-12-06,0
MIL,PHI,0.4952853815097947,1.93,1.89,PHI,2025-12-05,1
ATL,DEN,0.4531806521558069,2.7,1.49,DEN,2025-12-05,1
MEM,LAC,0.4776589192369966,2.1,1.77,MEM,2025-12-05,0
DET,POR,0.4589620704278608,1.33,3.45,DET,2025-12-05,0
ORL,MIA,0.6489855242522913,1.46,2.8,ORL,2025-12-05,1
CLE,SAS,0.6306544590124109,1.6,2.4,CLE,2025-12-05,1
TOR,CHO,0.6413079181299723,1.34,3.35,CHO,2025-12-05,0
CHI,IND,0.3279963860965866,1.51,2.64,IND,2025-12-05,1
OKC,DAL,0.8301101308549798,1.1,7.75,OKC,2025-12-05,1
HOU,PHO,0.6283484395263004,1.18,5.1,HOU,2025-12-05,1
BOS,LAL,0.5231033760699162,1.32,3.5,BOS,2025-12-05,1
NYK,UTA,0.6182657629469036,1.08,8.5,NYK,2025-12-05,1
TOR,LAL,0.6207314332501827,1.7,2.2,LAL,2025-12-04,0
PHI,GSW,0.6746544074842185,1.62,2.36,PHI,2025-12-04,1
WAS,BOS,0.2475722423137321,4.5,1.22,BOS,2025-12-04,1
NOP,MIN,0.3716049054781383,5.25,1.17,MIN,2025-12-04,1
BRK,UTA,0.7221489191876569,2.7,1.49,UTA,2025-12-04,0
ATL,LAC,0.5586667484272824,1.62,2.36,LAC,2025-12-03,0
CLE,POR,0.5871290893995311,1.17,5.4,POR,2025-12-03,0
HOU,SAC,0.7271163152424641,1.07,9.0,HOU,2025-12-03,1
IND,DEN,0.3578316569330641,3.7,1.29,DEN,2025-12-03,1
DAL,MIA,0.3471792253556039,2.6,1.52,DAL,2025-12-03,0
MIL,DET,0.4951982487009827,2.54,1.54,MIL,2025-12-03,0
CHI,BRK,0.2925958877182121,1.29,3.7,BRK,2025-12-03,1
ORL,SAS,0.6794109921989704,1.29,3.7,SAS,2025-12-03,0
NYK,CHO,0.7252513670692756,1.25,4.1,NYK,2025-12-03,1
GSW,OKC,0.6058517372438283,5.4,1.17,OKC,2025-12-02,0
BOS,NYK,0.6454243572825947,1.89,1.93,BOS,2025-12-02,1
SAS,MEM,0.5879329700181527,1.49,2.7,SAS,2025-12-02,1
NOP,MIN,0.2929085874950088,5.55,1.16,MIN,2025-12-02,1
TOR,POR,0.619290150542852,1.46,2.8,TOR,2025-12-02,1
PHI,WAS,0.4616272743617612,1.12,6.75,PHI,2025-12-02,0
ORL,CHI,0.7225119265376123,1.28,3.85,ORL,2025-12-01,1
UTA,HOU,0.3606706997190304,5.7,1.15,UTA,2025-12-01,0
LAL,PHO,0.68772582393989,1.51,2.64,PHO,2025-12-01,0
DET,ATL,0.5794287750816302,1.24,4.3,DET,2025-12-01,1
DEN,DAL,0.5833413332944934,1.19,4.9,DAL,2025-12-01,0
IND,CLE,0.4833037885877908,2.6,1.52,CLE,2025-12-01,1
MIA,LAC,0.5615011532708953,1.41,3.0,MIA,2025-12-01,1
WAS,MIL,0.2367886358286087,4.2,1.24,WAS,2025-12-01,0
BRK,CHO,0.4511071280813796,2.6,1.52,BRK,2025-12-01,0
LAL,NOP,0.7430172245363171,1.1,7.75,LAL,2025-11-30,1
UTA,HOU,0.431107122576301,5.4,1.17,HOU,2025-11-30,1
PHI,ATL,0.4699258419334549,1.77,2.1,ATL,2025-11-30,1
NYK,TOR,0.6945936319704816,1.31,3.6,NYK,2025-11-30,1
POR,OKC,0.4644389576593696,5.7,1.15,OKC,2025-11-30,1
SAC,MEM,0.3978553681461099,2.2,1.7,MEM,2025-11-30,1
CLE,BOS,0.5430492233509335,1.35,3.3,BOS,2025-11-30,0
MIN,SAS,0.5867727799673934,1.6,2.4,MIN,2025-11-30,1
MIL,BRK,0.5559347651232434,1.18,5.1,MIL,2025-11-29,1
IND,CHI,0.4541692306207022,2.45,1.57,IND,2025-11-29,0
MIA,DET,0.5457599890210781,1.59,2.42,DET,2025-11-29,0
PHO,DEN,0.7102849395345799,2.36,1.62,DEN,2025-11-29,0
LAC,DAL,0.5850873936231079,1.36,3.25,DAL,2025-11-29,0
GSW,NOP,0.7421205170553727,1.27,3.95,GSW,2025-11-29,1
MIN,BOS,0.735731818834182,1.34,3.4,MIN,2025-11-29,1
CHO,TOR,0.4429800097547309,3.75,1.29,CHO,2025-11-29,0
DET,ORL,0.562638911989562,1.62,2.36,ORL,2025-11-28,0
DEN,SAS,0.6995937500182207,1.24,4.2,SAS,2025-11-28,0
LAL,DAL,0.7393090579730536,1.24,4.2,LAL,2025-11-28,1
NYK,MIL,0.7258049728378868,1.34,3.4,NYK,2025-11-28,1
LAC,MEM,0.5268618316960656,1.38,3.15,MEM,2025-11-28,0
CHO,CHI,0.4068744118123351,2.14,1.74,CHO,2025-11-28,0
BRK,PHI,0.625579600067617,3.0,1.41,PHI,2025-11-28,0
IND,WAS,0.3561882266562023,1.38,3.15,IND,2025-11-28,0
ATL,CLE,0.6938959287762491,2.95,1.42,ATL,2025-11-28,1
UTA,SAC,0.4577463489933706,1.74,2.14,UTA,2025-11-28,0
OKC,PHO,0.7727780846528022,1.1,7.75,OKC,2025-11-28,1
CHO,NYK,0.3208448447630296,3.15,1.38,NYK,2025-11-26,1
TOR,IND,0.7248393107039552,1.21,4.7,TOR,2025-11-26,1
POR,SAS,0.5565155599051146,1.83,2.0,SAS,2025-11-26,0
NOP,MEM,0.3665741191569344,2.3,1.65,MEM,2025-11-26,1
SAC,PHO,0.3212320157133465,2.54,1.54,PHO,2025-11-26,1
MIA,MIL,0.5867514777006497,1.31,3.6,MIA,2025-11-26,1
OKC,MIN,0.8073251773858775,1.22,4.5,OKC,2025-11-26,1
BOS,DET,0.6979409304193159,2.24,1.68,BOS,2025-11-26,1
GSW,HOU,0.5809261480059171,1.68,2.24,HOU,2025-11-26,0
PHI,ORL,0.5436046425122454,2.45,1.57,ORL,2025-11-25,0
LAL,LAC,0.6183566580062562,1.39,3.1,LAL,2025-11-25,1
WAS,ATL,0.2578109292415598,5.0,1.19,WAS,2025-11-25,0
MEM,DEN,0.4940226262844469,3.7,1.29,DEN,2025-11-24,1
MIA,DAL,0.5733875828751145,1.34,3.35,MIA,2025-11-24,1
PHO,HOU,0.7666323397776689,2.9,1.43,HOU,2025-11-24,0
MIL,POR,0.640018442511149,1.77,2.1,POR,2025-11-24,0
TOR,CLE,0.6308937513462158,1.87,1.95,TOR,2025-11-24,1
NOP,CHI,0.3175450772637698,2.8,1.46,NOP,2025-11-24,0
BRK,NYK,0.5228836699195674,6.75,1.12,NYK,2025-11-24,0
GSW,UTA,0.6069409090761148,1.1,7.5,GSW,2025-11-24,1
SAC,MIN,0.2164996819537854,4.1,1.25,SAC,2025-11-24,0
IND,DET,0.3438515137498653,4.5,1.22,DET,2025-11-24,1
CLE,LAC,0.5877184540682966,1.26,4.0,CLE,2025-11-23,1
PHI,MIA,0.5424938069718963,2.02,1.82,MIA,2025-11-23,0
PHO,SAS,0.6367809127968677,1.68,2.24,PHO,2025-11-23,1
UTA,LAL,0.345531925384462,4.3,1.24,LAL,2025-11-23,1
OKC,POR,0.7286067682101035,1.09,8.0,OKC,2025-11-23,1
BOS,ORL,0.7213422905784349,1.52,2.6,BOS,2025-11-23,1
ATL,CHO,0.7279782344473199,1.34,3.35,ATL,2025-11-23,1
TOR,BRK,0.6319331535147021,1.14,6.0,TOR,2025-11-23,1
NOP,ATL,0.4220500278491884,4.1,1.25,ATL,2025-11-22,1
MIL,DET,0.5608269939310925,3.8,1.28,DET,2025-11-22,0
ORL,NYK,0.6667776830140433,1.87,1.95,ORL,2025-11-22,1
CHO,LAC,0.4719422296194962,1.95,1.87,LAC,2025-11-22,1
CHI,WAS,0.4412408425463915,1.14,6.0,CHI,2025-11-22,0
DEN,SAC,0.7816392019063639,1.18,5.1,SAC,2025-11-22,0
DAL,MEM,0.2981127075279954,1.87,1.95,MEM,2025-11-22,1
CLE,IND,0.6609249908764857,1.1,7.75,CLE,2025-11-21,1
TOR,WAS,0.785704218264216,1.11,7.25,TOR,2025-11-21,1
HOU,DEN,0.6997622437963672,1.74,2.14,DEN,2025-11-21,0
CHI,MIA,0.4004434296409951,1.7,2.2,MIA,2025-11-21,1
GSW,POR,0.5252079282850365,1.24,4.3,POR,2025-11-21,0
UTA,OKC,0.3874301055932168,9.5,1.07,OKC,2025-11-21,1
BOS,BRK,0.6753812887902401,1.1,7.75,BRK,2025-11-21,0
DAL,NOP,0.3294824413367516,1.56,2.5,DAL,2025-11-21,0
PHO,MIN,0.6082955521794886,2.54,1.54,PHO,2025-11-21,1
SAS,ATL,0.6519022225297415,1.91,1.91,SAS,2025-11-20,1
ORL,LAC,0.5762548034592,1.46,2.8,ORL,2025-11-20,1
MEM,SAC,0.3924271463672985,1.68,2.24,MEM,2025-11-20,0
MIL,PHI,0.4218667547160461,2.14,1.74,PHI,2025-11-20,1
PHI,TOR,0.6635558086581727,2.14,1.74,TOR,2025-11-19,0
CLE,HOU,0.6649952849665081,2.0,1.83,HOU,2025-11-19,0
MIN,WAS,0.7167042232727754,1.07,9.0,MIN,2025-11-19,1
MIA,GSW,0.4166274930485827,1.22,4.5,MIA,2025-11-19,0
DAL,NYK,0.4361568985903687,3.4,1.34,NYK,2025-11-19,1
POR,CHI,0.4924207455272665,2.2,1.7,CHI,2025-11-19,1
NOP,DEN,0.3861486268694939,7.25,1.11,DEN,2025-11-19,1
OKC,SAC,0.8317322482012603,1.05,12.0,OKC,2025-11-19,1
IND,CHO,0.3733119347155008,2.05,1.8,IND,2025-11-19,0
POR,PHO,0.5039676226789848,1.7,2.2,PHO,2025-11-18,0
BRK,BOS,0.4531476458733325,5.1,1.18,BOS,2025-11-18,1
SAS,MEM,0.6381276961826782,1.43,2.9,SAS,2025-11-18,1
ORL,GSW,0.6550214093420926,2.36,1.62,ORL,2025-11-18,1
ATL,DET,0.6240297878509508,1.87,1.95,DET,2025-11-18,0
LAL,UTA,0.6425109409900865,1.15,5.9,LAL,2025-11-18,1
DEN,CHI,0.7364155786763281,1.12,6.75,CHI,2025-11-17,0
CLE,MIL,0.6293195660979071,1.34,3.4,CLE,2025-11-17,1
MIA,NYK,0.4417334268849293,1.8,2.05,MIA,2025-11-17,0
PHI,LAC,0.5561960209156651,1.49,2.7,PHI,2025-11-17,1
TOR,CHO,0.5880827684802333,1.28,3.8,TOR,2025-11-17,1
NOP,OKC,0.4102266023794135,11.0,1.06,OKC,2025-11-17,1
DET,IND,0.6935460609945833,1.18,5.1,DET,2025-11-17,1
MIN,DAL,0.6661300361616589,1.11,7.0,MIN,2025-11-17,1
PHO,ATL,0.6347441961964095,1.95,1.87,ATL,2025-11-16,0
SAS,SAC,0.6395957115238391,1.29,3.75,SAS,2025-11-16,1
BOS,LAC,0.652537883108183,1.46,2.8,BOS,2025-11-16,1
UTA,CHI,0.3720581233611365,2.6,1.52,UTA,2025-11-16,0
WAS,BRK,0.2487969350647437,1.68,2.24,BRK,2025-11-16,1
DAL,POR,0.4105428388487596,2.5,1.56,DAL,2025-11-16,0
HOU,ORL,0.7829589481097589,1.32,3.5,HOU,2025-11-16,1
NOP,GSW,0.2617468788427212,4.8,1.2,GSW,2025-11-16,1
MIL,LAL,0.4367386943639073,2.0,1.83,LAL,2025-11-15,1
MIN,DEN,0.5010352666728234,1.82,2.02,DEN,2025-11-15,0
IND,TOR,0.3017992814967251,3.4,1.34,TOR,2025-11-15,1
CHO,OKC,0.3700161829993335,9.5,1.07,OKC,2025-11-15,1
CLE,MEM,0.7155037791337401,1.18,5.1,CLE,2025-11-15,1
MIN,SAC,0.7054447551716919,1.16,5.55,MIN,2025-11-14,1
DAL,LAC,0.6185515436190341,2.14,1.74,LAC,2025-11-14,0
NOP,LAL,0.3416893981065324,4.6,1.21,LAL,2025-11-14,1
SAS,GSW,0.4992273676726272,1.68,2.24,GSW,2025-11-14,1
DET,PHI,0.7199655027381294,1.62,2.36,DET,2025-11-14,1
NYK,MIA,0.7155599340355069,1.4,3.05,NYK,2025-11-14,1
HOU,POR,0.4708917171979225,1.32,3.5,HOU,2025-11-14,0
MIL,CHO,0.590337852427655,1.26,4.0,MIL,2025-11-14,1
ORL,BRK,0.5164012596954913,1.11,7.25,ORL,2025-11-14,1
CLE,TOR,0.5462887408745011,1.35,3.3,TOR,2025-11-13,0
UTA,ATL,0.3587003616855442,2.14,1.74,ATL,2025-11-13,1
PHO,IND,0.6633117436802723,1.54,2.54,PHO,2025-11-13,1
HOU,WAS,0.6646212039618211,1.06,10.0,HOU,2025-11-12,1
OKC,LAL,0.7465355989813921,1.33,3.45,OKC,2025-11-12,1
NYK,ORL,0.703071543837119,1.57,2.45,ORL,2025-11-12,0
DET,CHI,0.6884772230872925,2.02,1.82,DET,2025-11-12,1
SAS,GSW,0.7352251782418444,1.62,2.36,GSW,2025-11-12,0
DAL,PHO,0.3664953839103627,2.14,1.74,PHO,2025-11-12,1
BOS,MEM,0.6328511537229082,1.34,3.4,BOS,2025-11-12,1
SAC,ATL,0.4514234957350022,2.4,1.6,ATL,2025-11-12,1
NOP,POR,0.3474817057488915,3.75,1.29,POR,2025-11-12,1
LAC,DEN,0.5389823609701524,2.36,1.62,DEN,2025-11-12,0
CHO,MIL,0.627190734671952,2.14,1.74,CHO,2025-11-12,1
MIA,CLE,0.6460983895391259,1.46,2.8,CLE,2025-11-12,0
SAC,DEN,0.5092156401051425,3.95,1.27,DEN,2025-11-11,0
BRK,TOR,0.5778994078145944,4.5,1.22,TOR,2025-11-11,0
NYK,MEM,0.6932149006391758,1.24,4.3,NYK,2025-11-11,1
PHI,BOS,0.5935056827013689,2.02,1.82,PHI,2025-11-11,1
OKC,GSW,0.7236070734174316,1.33,3.45,OKC,2025-11-11,1
UTA,IND,0.5164903670434183,2.2,1.7,UTA,2025-11-11,1
DAL,MIL,0.3605978240699241,2.24,1.68,MIL,2025-11-10,1
LAC,ATL,0.5486662615757796,1.54,2.54,ATL,2025-11-10,0
PHO,NOP,0.6311135023315002,1.28,3.85,PHO,2025-11-10,1
CHI,SAS,0.4651731109225595,2.5,1.56,SAS,2025-11-10,1
CHO,LAL,0.5407293330532569,3.8,1.28,LAL,2025-11-10,0
ORL,POR,0.469559661970318,1.77,2.1,ORL,2025-11-10,0
DET,WAS,0.7058761298143654,1.15,5.7,DET,2025-11-10,1
UTA,MIN,0.416881741710885,3.45,1.33,MIN,2025-11-10,1
MIA,CLE,0.5673203422888953,3.4,1.34,MIA,2025-11-10,1
NYK,BRK,0.6976841158110793,1.08,8.5,NYK,2025-11-09,1
SAC,MIN,0.3733640223820654,2.8,1.46,MIN,2025-11-09,1
GSW,IND,0.622717900862762,1.14,6.0,GSW,2025-11-09,1
PHI,DET,0.538949161299764,2.36,1.62,DET,2025-11-09,0
ORL,BOS,0.5534013386289546,1.65,2.3,BOS,2025-11-09,0
MEM,OKC,0.4066614141868198,4.8,1.2,OKC,2025-11-09,1
MIL,HOU,0.6503297938132581,2.45,1.57,HOU,2025-11-09,0
LAC,PHO,0.5419451883641284,1.54,2.54,PHO,2025-11-08,0
SAS,NOP,0.7080034964934491,1.17,5.25,SAS,2025-11-08,1
WAS,DAL,0.2831689899957275,2.5,1.56,DAL,2025-11-08,1
DEN,IND,0.7128766497631749,1.17,5.4,DEN,2025-11-08,1
PHI,TOR,0.5705954453899591,1.52,2.6,PHI,2025-11-08,1
MIA,POR,0.5550670678251212,2.3,1.65,MIA,2025-11-08,1
ATL,LAL,0.610435958286012,2.3,1.65,ATL,2025-11-08,1
CLE,CHI,0.6546367596810898,1.29,3.75,CLE,2025-11-08,1
DEN,GSW,0.747001205201082,1.23,4.4,DEN,2025-11-07,1
WAS,CLE,0.2274323176982816,6.75,1.12,CLE,2025-11-07,1
MIN,UTA,0.579499043203572,1.15,5.9,MIN,2025-11-07,1
MEM,DAL,0.4772347100151228,1.56,2.5,MEM,2025-11-07,0
ATL,TOR,0.5027526959136438,1.74,2.14,TOR,2025-11-07,0
SAS,HOU,0.5557058375026426,2.45,1.57,SAS,2025-11-07,1
ORL,BOS,0.4552407515770399,1.62,2.36,ORL,2025-11-07,0
MIL,CHI,0.6314874787116254,1.57,2.45,MIL,2025-11-07,1
SAC,OKC,0.62188098132539,5.25,1.17,OKC,2025-11-07,0
MIA,CHO,0.5999896218330998,1.4,3.05,MIA,2025-11-07,1
BRK,DET,0.4568638201369034,4.7,1.21,DET,2025-11-07,1
PHO,LAC,0.6835258342045505,1.74,2.14,PHO,2025-11-06,1
BOS,WAS,0.6532282128986501,1.15,5.9,BOS,2025-11-05,1
MEM,HOU,0.4844785965564552,3.6,1.31,HOU,2025-11-05,1
LAL,SAS,0.7065662934327936,1.74,2.14,LAL,2025-11-05,1
SAC,GSW,0.5553876015483552,1.7,2.2,SAC,2025-11-05,1
IND,BRK,0.471733248743537,1.37,3.2,BRK,2025-11-05,1
DAL,NOP,0.4533253510804735,1.32,3.5,NOP,2025-11-05,1
CLE,PHI,0.6177731617101003,1.24,4.2,CLE,2025-11-05,1
NYK,MIN,0.6920965492994933,1.65,2.3,NYK,2025-11-05,1
DET,UTA,0.5571330538748205,1.22,4.5,DET,2025-11-05,1
DEN,MIA,0.7524935187800198,1.25,4.1,DEN,2025-11-05,1
POR,OKC,0.5263048426930239,2.6,1.52,POR,2025-11-05,1
LAC,OKC,0.4779194882186819,3.4,1.34,OKC,2025-11-04,1
ATL,ORL,0.4853208569147099,2.36,1.62,ATL,2025-11-04,0
GSW,PHO,0.6734516215887786,1.27,3.95,GSW,2025-11-04,1
CHI,PHI,0.5072738274955686,1.87,1.95,CHI,2025-11-04,1
NOP,CHO,0.3454983672038794,1.56,2.5,NOP,2025-11-04,0
TOR,MIL,0.6147809401462493,1.65,2.3,TOR,2025-11-04,1
IND,MIL,0.5456080787604752,2.85,1.44,MIL,2025-11-03,0
POR,LAL,0.5538324849125705,1.31,3.6,LAL,2025-11-03,0
MEM,DET,0.5116766961476504,2.6,1.52,DET,2025-11-03,0
LAC,MIA,0.5799624496213974,1.31,3.6,MIA,2025-11-03,0
BRK,MIN,0.2987019065839347,3.95,1.27,MIN,2025-11-03,1
BOS,UTA,0.5919683367907562,1.21,4.6,UTA,2025-11-03,0
HOU,DAL,0.7753343552205606,1.14,6.0,HOU,2025-11-03,1
DEN,SAC,0.7155677281852099,1.17,5.4,DEN,2025-11-03,1
NYK,WAS,0.7241969928644688,1.15,5.9,NYK,2025-11-03,1
BRK,PHI,0.4653185378976165,2.7,1.49,PHI,2025-11-02,1
LAL,MIA,0.644215535665562,1.51,2.64,LAL,2025-11-02,1
OKC,NOP,0.7995394676642023,1.14,6.0,OKC,2025-11-02,1
TOR,MEM,0.5141737851662117,1.54,2.54,TOR,2025-11-02,1
CHO,UTA,0.5839043500989103,1.83,2.0,CHO,2025-11-02,1
PHO,SAS,0.4600147860823708,2.9,1.43,PHO,2025-11-02,0
NYK,CHI,0.5505220794678681,1.37,3.2,NYK,2025-11-02,1
CLE,ATL,0.5206512580703963,1.41,3.0,CLE,2025-11-02,1
MIL,SAC,0.652997097583327,1.44,2.85,SAC,2025-11-01,0
DET,DAL,0.661284652318056,1.33,3.45,DET,2025-11-01,1
CHO,MIN,0.6487068804796248,2.8,1.46,MIN,2025-11-01,0
IND,GSW,0.579071211353252,4.7,1.21,IND,2025-11-01,1
BOS,HOU,0.5435520757893509,2.8,1.46,HOU,2025-11-01,0
WAS,ORL,0.236669385025153,3.95,1.27,ORL,2025-11-01,1
MEM,LAL,0.551317823857397,1.8,2.05,LAL,2025-10-31,0
CHI,NYK,0.6968210291210132,2.6,1.52,CHI,2025-10-31,1
PHI,BOS,0.5007377252378408,1.7,2.2,BOS,2025-10-31,0
CLE,TOR,0.6685391732946139,1.35,3.3,TOR,2025-10-31,0
PHO,UTA,0.5554960444064578,1.65,2.3,PHO,2025-10-31,1
LAC,NOP,0.6401064419763015,1.19,5.0,LAC,2025-10-31,1
IND,ATL,0.5884088246940468,2.24,1.68,ATL,2025-10-31,0
POR,DEN,0.5552640205054257,2.7,1.49,POR,2025-10-31,1
CHO,ORL,0.6841786759261168,2.24,1.68,ORL,2025-10-30,0
SAS,MIA,0.7164390958770491,1.42,2.95,SAS,2025-10-30,1
OKC,WAS,0.7303121018259949,1.09,8.0,OKC,2025-10-30,1
MIL,GSW,0.6367808565490992,2.3,1.65,MIL,2025-10-30,1
CHI,SAC,0.695061342039007,1.51,2.64,CHI,2025-10-29,1
BOS,CLE,0.6568043780336956,2.45,1.57,BOS,2025-10-29,1
BRK,ATL,0.354995792983917,3.6,1.31,ATL,2025-10-29,1
DAL,IND,0.3279269420237086,1.4,3.05,DAL,2025-10-29,0
UTA,POR,0.5420583033237949,2.24,1.68,POR,2025-10-29,0
PHO,MEM,0.5067430714098696,2.02,1.82,MEM,2025-10-29,0
TOR,HOU,0.4134066798759074,2.7,1.49,HOU,2025-10-29,1
DET,ORL,0.5129327492872349,1.98,1.85,DET,2025-10-29,1
MIN,LAL,0.4978313353935233,1.37,3.2,LAL,2025-10-29,1
DEN,NOP,0.6124042184991795,1.14,6.0,DEN,2025-10-29,1
OKC,SAC,0.6956613608047013,1.22,4.5,OKC,2025-10-28,1
MIL,NYK,0.6100791721032666,2.05,1.8,MIL,2025-10-28,1
WAS,PHI,0.3342717835225763,2.5,1.56,PHI,2025-10-28,1
GSW,LAC,0.5489562733263578,2.05,1.8,GSW,2025-10-28,1
MIA,CHO,0.6335698262948327,1.44,2.85,MIA,2025-10-28,1
LAL,POR,0.7267535356091751,2.2,1.7,POR,2025-10-27,0
HOU,BRK,0.4805730839885264,1.07,9.0,HOU,2025-10-27,0
GSW,MEM,0.6635216003488732,1.29,3.7,GSW,2025-10-27,1
MIN,DEN,0.6417247580306555,3.05,1.4,DEN,2025-10-27,0
CHI,ATL,0.6255320227537459,2.14,1.74,CHI,2025-10-27,1
NOP,BOS,0.3443896899698273,1.74,2.14,BOS,2025-10-27,1
UTA,PHO,0.5011426492879132,1.85,1.98,UTA,2025-10-27,1
SAS,TOR,0.748654791755525,1.49,2.7,SAS,2025-10-27,1
DAL,OKC,0.3106524687964385,3.7,1.29,OKC,2025-10-27,1
DET,CLE,0.513076019664289,2.2,1.7,CLE,2025-10-27,0
PHI,ORL,0.659285394953311,2.9,1.43,PHI,2025-10-27,1
DET,BOS,0.5182374162309578,1.51,2.64,DET,2025-10-26,1
CLE,MIL,0.6196150031502539,1.39,3.1,CLE,2025-10-26,1
MIA,NYK,0.5535571090181824,2.2,1.7,MIA,2025-10-26,1
MIN,IND,0.6837240315306252,1.17,5.4,MIN,2025-10-26,1
WAS,CHO,0.5290155118953928,1.77,2.1,CHO,2025-10-26,0
SAS,BRK,0.6782102457876245,1.16,5.55,SAS,2025-10-26,1
DAL,TOR,0.3187522368890158,1.87,1.95,DAL,2025-10-26,0
SAC,LAL,0.459462502237683,2.24,1.68,LAL,2025-10-26,1
LAC,POR,0.4940595446935642,1.32,3.5,LAC,2025-10-26,0
MEM,IND,0.5286262464380135,1.74,2.14,MEM,2025-10-25,1
ATL,OKC,0.5140803937138909,3.5,1.32,OKC,2025-10-25,0
DEN,PHO,0.682780981492606,1.12,6.75,DEN,2025-10-25,1
PHI,CHO,0.6268269368540074,1.51,2.64,PHI,2025-10-25,1
ORL,CHI,0.4893812844699602,1.41,3.0,CHI,2025-10-25,1
ORL,ATL,0.5996045065044405,1.42,2.94,ATL,2025-10-24,0
SAC,UTA,0.3782020573579452,1.83,2.05,SAC,2025-10-24,0
HOU,DET,0.5202169222878452,1.95,2.25,DET,2025-10-24,0
DAL,WAS,0.3183073897438852,1.24,4.43,WAS,2025-10-24,1
MEM,MIA,0.5985323798415145,1.71,2.15,MIA,2025-10-24,0
NYK,BOS,0.6512124624794146,1.67,2.25,NYK,2025-10-24,1
POR,GSW,0.4031212023317619,1.68,2.25,POR,2025-10-24,0
BRK,CLE,0.3944473868173287,2.1,1.77,CLE,2025-10-24,1
NOP,SAS,0.3606290989589318,1.56,2.5,SAS,2025-10-24,1
TOR,MIL,0.4861625495813919,1.75,2.2,MIL,2025-10-24,1
LAC,PHO,0.3248311083559236,1.23,4.4,LAC,2025-10-24,0
LAL,MIN,0.5743413818589066,2.05,1.81,LAL,2025-10-24,1
GSW,DEN,0.3516259026276808,1.77,2.1,GSW,2025-10-23,0
IND,OKC,0.3213069213176888,3.45,1.33,OKC,2025-10-23,1
POR,MIN,0.4301687006041267,2.75,1.6,MIN,2025-10-22,1
PHO,SAC,0.471660898045118,1.55,2.5,PHO,2025-10-22,0
DAL,SAS,0.2982415129131054,1.95,2.2,SAS,2025-10-22,1
MIL,WAS,0.5747770484434845,1.22,4.4,MIL,2025-10-22,1
ORL,MIA,0.3839393472255353,1.33,4.1,ORL,2025-10-22,0
MEM,NOP,0.5001195066058592,1.53,2.5,MEM,2025-10-22,1
CHO,BRK,0.338739334693389,1.5,2.75,CHO,2025-10-22,0
UTA,LAC,0.5069791398501519,1.21,4.6,UTA,2025-10-22,1
ATL,TOR,0.2309843114792933,1.44,2.85,TOR,2025-10-22,1
CHI,DET,0.4555581422788112,2.17,1.81,CHI,2025-10-22,0
NYK,CLE,0.489762379089478,1.62,2.5,NYK,2025-10-22,0
BOS,PHI,0.4871743630287672,1.6,2.42,PHI,2025-10-22,1
OKC,HOU,0.5314516298892457,1.31,3.6,OKC,2025-10-21,1
LAL,GSW,0.3669372941889376,2.1,1.77,GSW,2025-10-21,1
