date,home_team,away_team,odds_1,odds_2,home_team_prob,prob_iso,prob_iso_oos_time,prob_live_safe,prob_used,home_win_rate,home_team_won,result,accuracy,blocked_by,market_implied_p_raw,market_implied_p_devig,model_market_gap,win,is_played,game_day,prob_iso_insample,prob_iso_shrunk,prob_live_oos_proxy,live_oos_proxy_ready,live_oos_proxy_used,live_oos_proxy_train_rows,live_oos_proxy_train_win_rate,live_oos_proxy_recent_window_used,live_oos_proxy_bin_n,live_oos_proxy_bin_winrate,prob_live_oos_proxy_raw,live_oos_proxy_bin_id,live_oos_proxy_source_col_used,live_oos_proxy_fallback_used,live_oos_proxy_fallback_reason,live_oos_proxy_blend_alpha,live_oos_proxy_blend_input,live_oos_proxy_reason,prob_live_base,prob_live_safe_pre_clip,model_market_gap_flag,live_underdog_upscale_guard_triggered,live_oos_proxy_bin_confident,prob_base,prob_live_blend_p,prob_live_shrink_input,live_shrink_alpha,live_shrink_triggered,reason_chain,EV_base_€_per_100,EV_live_€_per_100,game_key,EV_€_per_100,pass_hw,pass_odds,pass_prob,pass_ev,rules_passed,margin_hw,margin_odds,margin_prob,margin_ev,game_date,run_date,created_utc,source,params_chosen,params_compareN,stage2_candidate_type,canonical_signal,allowed_review_type,result_raw,settled,pnl_ml_100,params_home_win_rate_threshold,params_odds_min,params_odds_max,params_prob_threshold,params_min_EV
2026-05-01,HOU,LAL,1.59,2.42,0.5320007383609971,0.4954128440366973,,0.4856537562843409,0.5764777447172929,0.73,,0.0,0.0,,0.6289308176100629,0.6034912718204488,-0.1178375155361078,0.0,False,2026-05-01,0.4954128440366973,0.4954128440366973,0.4856537562843409,1.0,True,1225.0,0.5542857142857143,,49.0,0.3002310889895705,0.3002310889895705,10.0,prob_iso_oos_time,0.0,,0.95,0.4954128440366973,proxy_blend_small_bin,0.4856537562843409,0.4856537562843409,False,False,False,0.4856537562843409,0.5764777447172929,0.5764777447172929,1.0,False,proxy,-22.781052750789787,-8.340038589950433,2026-05-01_HOU_LAL,,,,,,,,,,,2026-05-01,2026-05-01,2026-05-01T19:53:26Z,upcoming_d,GLOBAL,,LOW_PRICE_NEGATIVE_EV,,ev_only_skip,0.0,False,,0.5,1.3,3.4,0.55,0.0
2026-05-01,HOU,LAL,1.59,2.42,0.5320007383609971,0.4954128440366973,,0.4856537562843409,0.5764777447172929,0.73,,0.0,0.0,EV<=0.00,0.6289308176100629,0.6034912718204488,-0.1178375155361078,0.0,False,2026-05-01,0.4954128440366973,0.4954128440366973,0.4856537562843409,1.0,True,1225.0,0.5542857142857143,,49.0,0.3002310889895705,0.3002310889895705,10.0,prob_iso_oos_time,0.0,,0.95,0.4954128440366973,proxy_blend_small_bin,0.4856537562843409,0.4856537562843409,False,False,False,0.4856537562843409,0.5764777447172929,0.5764777447172929,1.0,False,proxy,-22.781052750789787,-8.340038589950433,2026-05-01_HOU_LAL,-8.340038589950433,1.0,1.0,1.0,0.0,3.0,0.23,0.0,0.026,-8.34,2026-05-01,2026-05-01,2026-05-01T19:53:26Z,watchlist,GLOBAL,,LOW_PRICE_NEGATIVE_EV,,ev_only_skip,0.0,False,,0.5,1.3,3.4,0.55,0.0
2026-05-01,ORL,DET,2.36,1.62,0.5802346066524035,0.6292134831460674,,0.624847530420626,0.4206065837307813,0.78,,0.0,0.0,MODEL_MARKET_GAP,0.423728813559322,0.4070351758793969,0.217812354541229,0.0,False,2026-05-01,0.6292134831460674,0.6219101123595505,0.624847530420626,1.0,True,1225.0,0.5542857142857143,,50.0,0.5418944286372392,0.5418944286372392,14.0,prob_iso_oos_time,0.0,,0.95,0.6292134831460674,proxy_blend_small_bin,0.624847530420626,0.624847530420626,True,True,False,0.624847530420626,0.4164279828745066,0.4164279828745066,0.95,True,proxy|gap_flag|guard|small_bin_mild_shrink|shrink,47.464017179267735,-0.7368462395356157,2026-05-01_ORL_DET,,,,,,,,,,,2026-05-01,2026-05-01,2026-05-01T19:53:26Z,upcoming_d,GLOBAL,,RAW_MODEL_MARKET_GAP_HOME_DOG,,market_gap_protected_spread_override,0.0,False,,0.5,1.3,3.4,0.55,0.0
2026-05-01,ORL,DET,2.36,1.62,0.5802346066524035,0.6292134831460674,,0.624847530420626,0.4206065837307813,0.78,,0.0,0.0,MODEL_MARKET_GAP | Prob<0.55 | EV<=0.00,0.423728813559322,0.4070351758793969,0.217812354541229,0.0,False,2026-05-01,0.6292134831460674,0.6219101123595505,0.624847530420626,1.0,True,1225.0,0.5542857142857143,,50.0,0.5418944286372392,0.5418944286372392,14.0,prob_iso_oos_time,0.0,,0.95,0.6292134831460674,proxy_blend_small_bin,0.624847530420626,0.624847530420626,True,True,False,0.624847530420626,0.4164279828745066,0.4164279828745066,0.95,True,proxy|gap_flag|guard|small_bin_mild_shrink|shrink,47.464017179267735,-0.7368462395356157,2026-05-01_ORL_DET,-0.7368462395356157,1.0,1.0,0.0,0.0,2.0,0.28,0.0,-0.129,-0.74,2026-05-01,2026-05-01,2026-05-01T19:53:26Z,watchlist,GLOBAL,,RAW_MODEL_MARKET_GAP_HOME_DOG,,market_gap_protected_spread_override,0.0,False,,0.5,1.3,3.4,0.55,0.0
2026-05-01,TOR,CLE,2.45,1.57,0.7658646278080328,0.7703703703703704,,0.7623862794117432,0.397471210448793,0.78,,0.0,0.0,MODEL_MARKET_GAP,0.4081632653061224,0.390547263681592,0.3718390157301511,0.0,False,2026-05-01,0.7703703703703704,0.7277777777777777,0.7623862794117432,1.0,True,1225.0,0.5542857142857143,,54.0,0.610688551197827,0.610688551197827,21.0,prob_iso_oos_time,0.0,,0.95,0.7703703703703704,proxy_blend_small_bin,0.7623862794117432,0.7623862794117432,True,True,False,0.7623862794117432,0.3920749583671505,0.3920749583671505,0.95,True,proxy|gap_flag|guard|small_bin_mild_shrink|shrink,86.7846384558771,-2.6195534400457077,2026-05-01_TOR_CLE,,,,,,,,,,,2026-05-01,2026-05-01,2026-05-01T19:53:26Z,upcoming_d,GLOBAL,,RAW_MODEL_MARKET_GAP_HOME_DOG,,market_gap_protected_spread_override,0.0,False,,0.5,1.3,3.4,0.55,0.0
2026-05-01,TOR,CLE,2.45,1.57,0.7658646278080328,0.7703703703703704,,0.7623862794117432,0.397471210448793,0.78,,0.0,0.0,MODEL_MARKET_GAP | Prob<0.55 | EV<=0.00,0.4081632653061224,0.390547263681592,0.3718390157301511,0.0,False,2026-05-01,0.7703703703703704,0.7277777777777777,0.7623862794117432,1.0,True,1225.0,0.5542857142857143,,54.0,0.610688551197827,0.610688551197827,21.0,prob_iso_oos_time,0.0,,0.95,0.7703703703703704,proxy_blend_small_bin,0.7623862794117432,0.7623862794117432,True,True,False,0.7623862794117432,0.3920749583671505,0.3920749583671505,0.95,True,proxy|gap_flag|guard|small_bin_mild_shrink|shrink,86.7846384558771,-2.6195534400457077,2026-05-01_TOR_CLE,-2.6195534400457077,1.0,1.0,0.0,0.0,2.0,0.28,0.0,-0.153,-2.62,2026-05-01,2026-05-01,2026-05-01T19:53:26Z,watchlist,GLOBAL,,RAW_MODEL_MARKET_GAP_HOME_DOG,,market_gap_protected_spread_override,0.0,False,,0.5,1.3,3.4,0.55,0.0
2026-05-02,BOS,PHI,1.38,3.15,0.6405220181591772,0.6470588235294118,,0.638887135415566,0.6423625049104689,0.58,,0.0,0.0,,0.7246376811594204,0.695364238410596,-0.05647710299503,0.0,False,2026-05-02,0.6470588235294118,0.6352941176470588,0.638887135415566,1.0,True,1228.0,0.5537459283387622,,48.0,0.4836250612524956,0.4836250612524956,15.0,prob_iso_oos_time,0.0,,0.95,0.6470588235294118,proxy_blend_small_bin,0.638887135415566,0.638887135415566,False,False,False,0.638887135415566,0.6674852998946692,0.6674852998946692,0.85,True,proxy|shrink,-11.833575312651904,-11.353974322355304,2026-05-02_BOS_PHI,,,,,,,,,,,2026-05-02,2026-05-02,2026-05-02T13:33:15Z,upcoming_d,GLOBAL,,LOW_PRICE_NEGATIVE_EV,,ev_only_skip,0.0,False,,0.5,1.3,3.4,0.55,0.0
2026-05-02,BOS,PHI,1.38,3.15,0.6405220181591772,0.6470588235294118,,0.638887135415566,0.6423625049104689,0.58,,0.0,0.0,EV<=0.00,0.7246376811594204,0.695364238410596,-0.05647710299503,0.0,False,2026-05-02,0.6470588235294118,0.6352941176470588,0.638887135415566,1.0,True,1228.0,0.5537459283387622,,48.0,0.4836250612524956,0.4836250612524956,15.0,prob_iso_oos_time,0.0,,0.95,0.6470588235294118,proxy_blend_small_bin,0.638887135415566,0.638887135415566,False,False,False,0.638887135415566,0.6674852998946692,0.6674852998946692,0.85,True,proxy|shrink,-11.833575312651904,-11.353974322355304,2026-05-02_BOS_PHI,-11.353974322355304,1.0,1.0,1.0,0.0,3.0,0.08,0.0,0.092,-11.35,2026-05-02,2026-05-02,2026-05-02T13:33:15Z,watchlist,GLOBAL,,LOW_PRICE_NEGATIVE_EV,,ev_only_skip,0.0,False,,0.5,1.3,3.4,0.55,0.0
2026-05-03,CLE,TOR,1.34,3.4,0.5275021187188095,0.4909090909090909,,0.4804711536666218,0.6742769833749449,0.8,,0.0,0.0,,0.7462686567164178,0.7172995780590716,-0.2368284243924497,0.0,False,2026-05-03,0.4909090909090909,0.4909090909090909,0.4804711536666218,1.0,True,1229.0,0.5532953620829943,,49.0,0.2821503460597105,0.2821503460597105,10.0,prob_iso_oos_time,0.0,,0.95,0.4909090909090909,proxy_blend_small_bin,0.4804711536666218,0.4804711536666218,False,False,False,0.4804711536666218,0.7050317451469941,0.7050317451469941,0.85,True,proxy|shrink,-35.61686540867267,-9.646884227757376,2026-05-03_CLE_TOR,,,,,,,,,,,2026-05-03,2026-05-03,2026-05-03T21:33:32Z,upcoming_d,GLOBAL,,LOW_PRICE_NEGATIVE_EV,,ev_only_skip,0.0,False,,0.5,1.3,3.4,0.55,0.0
2026-05-03,CLE,TOR,1.34,3.4,0.5275021187188095,0.4909090909090909,,0.4804711536666218,0.6742769833749449,0.8,,0.0,0.0,EV<=0.00,0.7462686567164178,0.7172995780590716,-0.2368284243924497,0.0,False,2026-05-03,0.4909090909090909,0.4909090909090909,0.4804711536666218,1.0,True,1229.0,0.5532953620829943,,49.0,0.2821503460597105,0.2821503460597105,10.0,prob_iso_oos_time,0.0,,0.95,0.4909090909090909,proxy_blend_small_bin,0.4804711536666218,0.4804711536666218,False,False,False,0.4804711536666218,0.7050317451469941,0.7050317451469941,0.85,True,proxy|shrink,-35.61686540867267,-9.646884227757376,2026-05-03_CLE_TOR,-9.646884227757376,1.0,1.0,1.0,0.0,3.0,0.3,0.0,0.124,-9.65,2026-05-03,2026-05-03,2026-05-03T21:33:33Z,watchlist,GLOBAL,,LOW_PRICE_NEGATIVE_EV,,ev_only_skip,0.0,False,,0.5,1.3,3.4,0.55,0.0
2026-05-03,DET,ORL,1.31,3.6,0.6938677935355669,0.6993865030674846,,0.693943721939571,0.677790928485618,0.64,,0.0,0.0,,0.7633587786259541,0.7331975560081467,-0.0392538340685757,0.0,False,2026-05-03,0.6993865030674846,0.6745398773006135,0.693943721939571,1.0,True,1229.0,0.5532953620829943,,51.0,0.5905308805092127,0.5905308805092127,18.0,prob_iso_oos_time,0.0,,0.95,0.6993865030674846,proxy_blend_small_bin,0.693943721939571,0.693943721939571,False,False,False,0.693943721939571,0.7091657982183741,0.7091657982183741,0.85,True,proxy|shrink,-9.093372425916195,-11.209388368384046,2026-05-03_DET_ORL,,,,,,,,,,,2026-05-03,2026-05-03,2026-05-03T21:33:32Z,upcoming_d,GLOBAL,,LOW_PRICE_NEGATIVE_EV,,ev_only_skip,0.0,False,,0.5,1.3,3.4,0.55,0.0
2026-05-03,DET,ORL,1.31,3.6,0.6938677935355669,0.6993865030674846,,0.693943721939571,0.677790928485618,0.64,,0.0,0.0,EV<=0.00,0.7633587786259541,0.7331975560081467,-0.0392538340685757,0.0,False,2026-05-03,0.6993865030674846,0.6745398773006135,0.693943721939571,1.0,True,1229.0,0.5532953620829943,,51.0,0.5905308805092127,0.5905308805092127,18.0,prob_iso_oos_time,0.0,,0.95,0.6993865030674846,proxy_blend_small_bin,0.693943721939571,0.693943721939571,False,False,False,0.693943721939571,0.7091657982183741,0.7091657982183741,0.85,True,proxy|shrink,-9.093372425916195,-11.209388368384046,2026-05-03_DET_ORL,-11.209388368384046,1.0,1.0,1.0,0.0,3.0,0.14,0.0,0.128,-11.21,2026-05-03,2026-05-03,2026-05-03T21:33:33Z,watchlist,GLOBAL,,LOW_PRICE_NEGATIVE_EV,,ev_only_skip,0.0,False,,0.5,1.3,3.4,0.55,0.0
2026-05-04,NYK,PHI,1.34,3.35,0.7870263787739201,0.7720588235294118,,0.7629824263784017,0.7046624040536711,0.73,,0.0,0.0,,0.7462686567164178,0.7142857142857143,0.0486967120926874,0.0,False,2026-05-04,0.7720588235294118,0.7290441176470588,0.7629824263784017,1.0,True,1231.0,0.554021121039805,,51.0,0.5905308805092127,0.5905308805092127,21.0,prob_iso_oos_time,0.0,,0.95,0.7720588235294118,proxy_blend_small_bin,0.7629824263784017,0.7629824263784017,False,False,False,0.7629824263784017,0.7407792988866719,0.7407792988866719,0.85,True,proxy|shrink,2.2396451347058424,-5.5752378568080685,2026-05-04_NYK_PHI,,,,,,,,,,,2026-05-04,2026-05-04,2026-05-04T18:15:55Z,upcoming_d,GLOBAL,,LOW_PRICE_NEGATIVE_EV,,ev_only_skip,0.0,False,,0.5,1.3,3.4,0.55,0.0
2026-05-04,NYK,PHI,1.34,3.35,0.7870263787739201,0.7720588235294118,,0.7629824263784017,0.7046624040536711,0.73,,0.0,0.0,EV<=0.00,0.7462686567164178,0.7142857142857143,0.0486967120926874,0.0,False,2026-05-04,0.7720588235294118,0.7290441176470588,0.7629824263784017,1.0,True,1231.0,0.554021121039805,,51.0,0.5905308805092127,0.5905308805092127,21.0,prob_iso_oos_time,0.0,,0.95,0.7720588235294118,proxy_blend_small_bin,0.7629824263784017,0.7629824263784017,False,False,False,0.7629824263784017,0.7407792988866719,0.7407792988866719,0.85,True,proxy|shrink,2.2396451347058424,-5.5752378568080685,2026-05-04_NYK_PHI,-5.5752378568080685,1.0,1.0,1.0,0.0,3.0,0.23,0.0,0.155,-5.58,2026-05-04,2026-05-04,2026-05-04T18:15:55Z,watchlist,GLOBAL,,LOW_PRICE_NEGATIVE_EV,,ev_only_skip,0.0,False,,0.5,1.3,3.4,0.55,0.0
2026-05-04,SAS,MIN,1.2,4.8,0.6249161510148495,0.6416666666666667,,0.6326739278847131,0.7374360306893675,0.58,,0.0,0.0,,0.8333333333333334,0.7999999999999999,-0.1673260721152868,0.0,False,2026-05-04,0.6416666666666667,0.6312500000000001,0.6326739278847131,1.0,True,1231.0,0.554021121039805,,50.0,0.4618118910275937,0.4618118910275937,15.0,prob_iso_oos_time,0.0,,0.95,0.6416666666666667,proxy_blend_small_bin,0.6326739278847131,0.6326739278847131,False,False,False,0.6326739278847131,0.7793365066933735,0.7793365066933735,0.85,True,proxy|shrink,-24.07912865383443,-11.507676317275903,2026-05-04_SAS_MIN,,,,,,,,,,,2026-05-04,2026-05-04,2026-05-04T18:15:55Z,upcoming_d,GLOBAL,,NO_VALUE_SKIP,,discipline_skip,0.0,False,,0.5,1.3,3.4,0.55,0.0
2026-05-04,SAS,MIN,1.2,4.8,0.6249161510148495,0.6416666666666667,,0.6326739278847131,0.7374360306893675,0.58,,0.0,0.0,Odds<1.30 | EV<=0.00,0.8333333333333334,0.7999999999999999,-0.1673260721152868,0.0,False,2026-05-04,0.6416666666666667,0.6312500000000001,0.6326739278847131,1.0,True,1231.0,0.554021121039805,,50.0,0.4618118910275937,0.4618118910275937,15.0,prob_iso_oos_time,0.0,,0.95,0.6416666666666667,proxy_blend_small_bin,0.6326739278847131,0.6326739278847131,False,False,False,0.6326739278847131,0.7793365066933735,0.7793365066933735,0.85,True,proxy|shrink,-24.07912865383443,-11.507676317275903,2026-05-04_SAS_MIN,-11.507676317275903,1.0,0.0,1.0,0.0,2.0,0.08,-0.1,0.187,-11.51,2026-05-04,2026-05-04,2026-05-04T18:15:55Z,watchlist,GLOBAL,,NO_VALUE_SKIP,,discipline_skip,0.0,False,,0.5,1.3,3.4,0.55,0.0
2026-05-05,DET,CLE,1.68,2.24,0.656437841840934,0.7012195121951219,,0.6877936603438737,0.5986000802755505,0.64,,0.0,0.0,,0.5952380952380952,0.5714285714285715,0.1163650889153021,0.0,False,2026-05-05,0.7012195121951219,0.6759146341463415,0.6877936603438737,1.0,True,1233.0,0.5539334955393349,,49.0,0.4327024751701555,0.4327024751701555,19.0,prob_iso_oos_time,0.0,,0.95,0.7012195121951219,proxy_blend_small_bin,0.6877936603438737,0.6877936603438737,False,False,False,0.6877936603438737,0.5986000802755505,0.5986000802755505,1.0,False,proxy,15.549334937770777,0.5648134862924703,2026-05-05_DET_CLE,,,,,,,,,,,2026-05-05,2026-05-05,2026-05-05T18:51:57Z,upcoming_d,GLOBAL,,LIVE_WATCH_ONLY,,live_watch_only,0.0,False,,0.5,1.3,3.4,0.55,0.0
2026-05-05,DET,CLE,1.68,2.24,0.656437841840934,0.7012195121951219,,0.6877936603438737,0.5986000802755505,0.64,,0.0,0.0,PASS,0.5952380952380952,0.5714285714285715,0.1163650889153021,0.0,False,2026-05-05,0.7012195121951219,0.6759146341463415,0.6877936603438737,1.0,True,1233.0,0.5539334955393349,,49.0,0.4327024751701555,0.4327024751701555,19.0,prob_iso_oos_time,0.0,,0.95,0.7012195121951219,proxy_blend_small_bin,0.6877936603438737,0.6877936603438737,False,False,False,0.6877936603438737,0.5986000802755505,0.5986000802755505,1.0,False,proxy,15.549334937770777,0.5648134862924703,2026-05-05_DET_CLE,0.5648134862924703,1.0,1.0,1.0,1.0,4.0,0.14,0.0,0.049,0.56,2026-05-05,2026-05-05,2026-05-05T18:51:57Z,watchlist,GLOBAL,,CANONICAL_MODEL_SIGNAL,CANONICAL_MODEL_SIGNAL,canonical_model,0.0,False,,0.5,1.3,3.4,0.55,0.0
2026-05-05,OKC,LAL,1.11,7.0,0.6798859703888357,0.7012195121951219,,0.6877936603438737,0.7920111544451751,0.7,,0.0,0.0,,0.9009009009009008,0.8631319358816276,-0.1753382755377539,0.0,False,2026-05-05,0.7012195121951219,0.6759146341463415,0.6877936603438737,1.0,True,1233.0,0.5539334955393349,,49.0,0.4327024751701555,0.4327024751701555,19.0,prob_iso_oos_time,0.0,,0.95,0.7012195121951219,proxy_blend_small_bin,0.6877936603438737,0.6877936603438737,False,False,False,0.6877936603438737,0.8435425346413824,0.8435425346413824,0.85,True,proxy|shrink,-23.654903701830015,-12.086761856585555,2026-05-05_OKC_LAL,,,,,,,,,,,2026-05-05,2026-05-05,2026-05-05T18:51:57Z,upcoming_d,GLOBAL,,NO_VALUE_SKIP,,discipline_skip,0.0,False,,0.5,1.3,3.4,0.55,0.0
2026-05-05,OKC,LAL,1.11,7.0,0.6798859703888357,0.7012195121951219,,0.6877936603438737,0.7920111544451751,0.7,,0.0,0.0,Odds<1.30 | EV<=0.00,0.9009009009009008,0.8631319358816276,-0.1753382755377539,0.0,False,2026-05-05,0.7012195121951219,0.6759146341463415,0.6877936603438737,1.0,True,1233.0,0.5539334955393349,,49.0,0.4327024751701555,0.4327024751701555,19.0,prob_iso_oos_time,0.0,,0.95,0.7012195121951219,proxy_blend_small_bin,0.6877936603438737,0.6877936603438737,False,False,False,0.6877936603438737,0.8435425346413824,0.8435425346413824,0.85,True,proxy|shrink,-23.654903701830015,-12.086761856585555,2026-05-05_OKC_LAL,-12.086761856585555,1.0,0.0,1.0,0.0,2.0,0.2,-0.19,0.242,-12.09,2026-05-05,2026-05-05,2026-05-05T18:51:57Z,watchlist,GLOBAL,,NO_VALUE_SKIP,,discipline_skip,0.0,False,,0.5,1.3,3.4,0.55,0.0
2026-05-06,NYK,PHI,1.34,3.4,0.8065014290970405,1.0,,0.9846018402726486,0.7097065083063154,0.73,,0.0,0.0,,0.7462686567164178,0.7172995780590716,0.0827004219409284,0.0,False,2026-05-06,1.0,0.9,0.9846018402726486,1.0,True,1235.0,0.5546558704453441,,50.0,0.6920368054529739,0.6920368054529739,24.0,prob_iso_oos_time,0.0,,0.95,1.0,proxy_blend_small_bin,0.9846018402726486,0.8,False,False,False,0.8,0.7467135391839005,0.7467135391839005,0.85,True,proxy|shrink,7.200000000000012,-4.899327886953728,2026-05-06_NYK_PHI,,,,,,,,,,,2026-05-06,2026-05-06,2026-05-06T17:32:57Z,upcoming_d,GLOBAL,,LOW_PRICE_NEGATIVE_EV,,ev_only_skip,0.0,False,,0.5,1.3,3.4,0.55,0.0
2026-05-06,NYK,PHI,1.34,3.4,0.8065014290970405,1.0,,0.9846018402726486,0.7097065083063154,0.73,,0.0,0.0,EV<=0.00,0.7462686567164178,0.7172995780590716,0.0827004219409284,0.0,False,2026-05-06,1.0,0.9,0.9846018402726486,1.0,True,1235.0,0.5546558704453441,,50.0,0.6920368054529739,0.6920368054529739,24.0,prob_iso_oos_time,0.0,,0.95,1.0,proxy_blend_small_bin,0.9846018402726486,0.8,False,False,False,0.8,0.7467135391839005,0.7467135391839005,0.85,True,proxy|shrink,7.200000000000012,-4.899327886953728,2026-05-06_NYK_PHI,-4.899327886953728,1.0,1.0,1.0,0.0,3.0,0.23,0.0,0.16,-4.9,2026-05-06,2026-05-06,2026-05-06T17:32:57Z,watchlist,GLOBAL,,LOW_PRICE_NEGATIVE_EV,,ev_only_skip,0.0,False,,0.5,1.3,3.4,0.55,0.0
2026-05-06,SAS,MIN,1.25,4.1,0.7068294575395369,0.7727272727272727,,0.7601676933616505,0.7215339794469275,0.5,,0.0,0.0,,0.8,0.7663551401869159,-0.0061874468252653,0.0,False,2026-05-06,0.7727272727272727,0.7295454545454545,0.7601676933616505,1.0,True,1235.0,0.5546558704453441,,50.0,0.5215356854148285,0.5215356854148285,22.0,prob_iso_oos_time,0.0,,0.95,0.7727272727272727,proxy_blend_small_bin,0.7601676933616505,0.7601676933616505,False,False,False,0.7601676933616505,0.7606282111140324,0.7606282111140324,0.85,True,proxy|shrink,-4.979038329793692,-9.808252569134057,2026-05-06_SAS_MIN,,,,,,,,,,,2026-05-06,2026-05-06,2026-05-06T17:32:57Z,upcoming_d,GLOBAL,,NO_VALUE_SKIP,,discipline_skip,0.0,False,,0.5,1.3,3.4,0.55,0.0
2026-05-06,SAS,MIN,1.25,4.1,0.7068294575395369,0.7727272727272727,,0.7601676933616505,0.7215339794469275,0.5,,0.0,0.0,Odds<1.30 | EV<=0.00,0.8,0.7663551401869159,-0.0061874468252653,0.0,False,2026-05-06,0.7727272727272727,0.7295454545454545,0.7601676933616505,1.0,True,1235.0,0.5546558704453441,,50.0,0.5215356854148285,0.5215356854148285,22.0,prob_iso_oos_time,0.0,,0.95,0.7727272727272727,proxy_blend_small_bin,0.7601676933616505,0.7601676933616505,False,False,False,0.7601676933616505,0.7606282111140324,0.7606282111140324,0.85,True,proxy|shrink,-4.979038329793692,-9.808252569134057,2026-05-06_SAS_MIN,-9.808252569134057,1.0,0.0,1.0,0.0,2.0,0.0,-0.05,0.172,-9.81,2026-05-06,2026-05-06,2026-05-06T17:32:57Z,watchlist,GLOBAL,,NO_VALUE_SKIP,,discipline_skip,0.0,False,,0.5,1.3,3.4,0.55,0.0
2026-05-07,DET,CLE,1.62,2.36,0.6532357327973056,0.7048192771084337,,0.6926689078043917,0.6033909240436429,0.73,,0.0,0.0,,0.6172839506172839,0.5929648241206029,0.0997040836837888,0.0,False,2026-05-07,0.7048192771084337,0.6786144578313253,0.6926689078043917,1.0,True,1237.0,0.555375909458367,,50.0,0.4618118910275937,0.4618118910275937,19.0,prob_iso_oos_time,0.0,,0.95,0.7048192771084337,proxy_blend_small_bin,0.6926689078043917,0.6926689078043917,False,False,False,0.6926689078043917,0.6216363812278152,0.6216363812278152,0.85,True,proxy|shrink,12.212363064311466,-2.2506703049298418,2026-05-07_DET_CLE,,,,,,,,,,,2026-05-07,2026-05-07,2026-05-07T18:17:12Z,upcoming_d,NO_BET,,LOW_PRICE_NEGATIVE_EV,,ev_only_skip,0.0,False,,,,,,
2026-05-07,DET,CLE,1.62,2.36,0.6532357327973056,0.7048192771084337,,0.6926689078043917,0.6033909240436429,0.73,,0.0,0.0,EV<=0.00,0.6172839506172839,0.5929648241206029,0.0997040836837888,0.0,False,2026-05-07,0.7048192771084337,0.6786144578313253,0.6926689078043917,1.0,True,1237.0,0.555375909458367,,50.0,0.4618118910275937,0.4618118910275937,19.0,prob_iso_oos_time,0.0,,0.95,0.7048192771084337,proxy_blend_small_bin,0.6926689078043917,0.6926689078043917,False,False,False,0.6926689078043917,0.6216363812278152,0.6216363812278152,0.85,True,proxy|shrink,12.212363064311466,-2.2506703049298418,2026-05-07_DET_CLE,-2.2506703049298418,1.0,1.0,1.0,0.0,3.0,0.23,0.0,0.053,-2.25,2026-05-07,2026-05-07,2026-05-07T18:17:12Z,watchlist,NO_BET,,LOW_PRICE_NEGATIVE_EV,,ev_only_skip,0.0,False,,,,,,
2026-05-07,OKC,LAL,1.11,7.0,0.811551042147728,1.0,,0.9846018402726486,0.7842871305816312,0.73,,0.0,0.0,,0.9009009009009008,0.8631319358816276,-0.0631319358816275,0.0,False,2026-05-07,1.0,0.9,0.9846018402726486,1.0,True,1237.0,0.555375909458367,,50.0,0.6920368054529739,0.6920368054529739,24.0,prob_iso_oos_time,0.0,,0.95,1.0,proxy_blend_small_bin,0.9846018402726486,0.8,False,False,False,0.8,0.8344554477430957,0.8344554477430957,0.85,True,proxy|shrink,-11.199999999999989,-12.944128505438924,2026-05-07_OKC_LAL,,,,,,,,,,,2026-05-07,2026-05-07,2026-05-07T18:17:12Z,upcoming_d,NO_BET,,NO_VALUE_SKIP,,discipline_skip,0.0,False,,,,,,
2026-05-07,OKC,LAL,1.11,7.0,0.811551042147728,1.0,,0.9846018402726486,0.7842871305816312,0.73,,0.0,0.0,Odds<1.30 | EV<=0.00,0.9009009009009008,0.8631319358816276,-0.0631319358816275,0.0,False,2026-05-07,1.0,0.9,0.9846018402726486,1.0,True,1237.0,0.555375909458367,,50.0,0.6920368054529739,0.6920368054529739,24.0,prob_iso_oos_time,0.0,,0.95,1.0,proxy_blend_small_bin,0.9846018402726486,0.8,False,False,False,0.8,0.8344554477430957,0.8344554477430957,0.85,True,proxy|shrink,-11.199999999999989,-12.944128505438924,2026-05-07_OKC_LAL,-12.944128505438924,1.0,0.0,1.0,0.0,2.0,0.23,-0.19,0.234,-12.94,2026-05-07,2026-05-07,2026-05-07T18:17:12Z,watchlist,NO_BET,,NO_VALUE_SKIP,,discipline_skip,0.0,False,,,,,,
2026-05-08,MIN,SAS,2.7,1.49,0.5584400205949772,0.6119402985074627,,0.6058557649322567,0.3709170459932128,0.62,,0.0,0.0,MODEL_MARKET_GAP,0.3703703703703703,0.3556085918854415,0.2502471730468151,0.0,False,2026-05-08,0.6119402985074627,0.608955223880597,0.6058557649322567,1.0,True,1239.0,0.5552865213882163,,51.0,0.4902496270033425,0.4902496270033425,13.0,prob_iso_oos_time,0.0,,0.95,0.6119402985074627,proxy_blend_small_bin,0.6058557649322567,0.6058557649322567,True,True,False,0.6058557649322567,0.3641232063086451,0.3641232063086451,0.95,True,proxy|gap_flag|guard|small_bin_mild_shrink|shrink,63.581056531709315,0.1476024181674695,2026-05-08_MIN_SAS,,,,,,,,,,,2026-05-08,2026-05-08,2026-05-08T21:00:31Z,upcoming_d,NO_BET,,RAW_MODEL_MARKET_GAP_HOME_DOG,,market_gap_protected_spread_override,0.0,False,,,,,,
2026-05-08,MIN,SAS,2.7,1.49,0.5584400205949772,0.6119402985074627,,0.6058557649322567,0.3709170459932128,0.62,,0.0,0.0,MODEL_MARKET_GAP | Prob<0.55,0.3703703703703703,0.3556085918854415,0.2502471730468151,0.0,False,2026-05-08,0.6119402985074627,0.608955223880597,0.6058557649322567,1.0,True,1239.0,0.5552865213882163,,51.0,0.4902496270033425,0.4902496270033425,13.0,prob_iso_oos_time,0.0,,0.95,0.6119402985074627,proxy_blend_small_bin,0.6058557649322567,0.6058557649322567,True,True,False,0.6058557649322567,0.3641232063086451,0.3641232063086451,0.95,True,proxy|gap_flag|guard|small_bin_mild_shrink|shrink,63.581056531709315,0.1476024181674695,2026-05-08_MIN_SAS,0.1476024181674695,1.0,1.0,0.0,1.0,3.0,0.12,0.0,-0.179,0.15,2026-05-08,2026-05-08,2026-05-08T21:00:31Z,watchlist,NO_BET,,RAW_MODEL_MARKET_GAP_HOME_DOG,,market_gap_protected_spread_override,0.0,False,,,,,,
2026-05-08,PHI,NYK,1.82,2.02,0.5855886881764708,0.6206896551724138,,0.6141676537639602,0.5553300985987214,0.44,,0.0,0.0,,0.5494505494505494,0.5260416666666667,0.0881259870972934,0.0,False,2026-05-08,0.6206896551724138,0.6155172413793104,0.6141676537639602,1.0,True,1239.0,0.5552865213882163,,51.0,0.4902496270033425,0.4902496270033425,13.0,prob_iso_oos_time,0.0,,0.95,0.6206896551724138,proxy_blend_small_bin,0.6141676537639602,0.6141676537639602,False,False,False,0.6141676537639602,0.5553300985987214,0.5553300985987214,1.0,False,proxy,11.778512985040756,1.070077944967296,2026-05-08_PHI_NYK,,,,,,,,,,,2026-05-08,2026-05-08,2026-05-08T21:00:31Z,upcoming_d,NO_BET,,LIVE_WATCH_ONLY,,live_watch_only,0.0,False,,,,,,
2026-05-08,PHI,NYK,1.82,2.02,0.5855886881764708,0.6206896551724138,,0.6141676537639602,0.5553300985987214,0.44,,0.0,0.0,HWR<0.50,0.5494505494505494,0.5260416666666667,0.0881259870972934,0.0,False,2026-05-08,0.6206896551724138,0.6155172413793104,0.6141676537639602,1.0,True,1239.0,0.5552865213882163,,51.0,0.4902496270033425,0.4902496270033425,13.0,prob_iso_oos_time,0.0,,0.95,0.6206896551724138,proxy_blend_small_bin,0.6141676537639602,0.6141676537639602,False,False,False,0.6141676537639602,0.5553300985987214,0.5553300985987214,1.0,False,proxy,11.778512985040756,1.070077944967296,2026-05-08_PHI_NYK,1.070077944967296,0.0,1.0,1.0,1.0,3.0,-0.06,0.0,0.005,1.07,2026-05-08,2026-05-08,2026-05-08T21:00:31Z,watchlist,NO_BET,,LIVE_WATCH_ONLY,,live_watch_only,0.0,False,,,,,,
2026-05-09,CLE,DET,1.54,2.54,0.4486588909744494,0.4649122807017544,,0.4647572612180463,0.5855070758002803,0.8,,0.0,0.0,,0.6493506493506493,0.6225490196078431,-0.1577917583897968,0.0,False,2026-05-09,0.4649122807017544,0.4649122807017544,0.4647572612180463,1.0,True,1241.0,0.5560032232070911,,50.0,0.4618118910275937,0.4618118910275937,7.0,prob_iso_oos_time,0.0,,0.95,0.4649122807017544,proxy_blend_small_bin,0.4647572612180463,0.4647572612180463,False,False,False,0.4647572612180463,0.6005965597650357,0.6005965597650357,0.85,True,proxy|shrink,-28.42738177242086,-9.831910326756836,2026-05-09_CLE_DET,,,,,,,,,,,2026-05-09,2026-05-09,2026-05-09T16:13:43Z,upcoming_d,NO_BET,,LOW_PRICE_NEGATIVE_EV,,ev_only_skip,0.0,False,,,,,,
2026-05-09,CLE,DET,1.54,2.54,0.4486588909744494,0.4649122807017544,,0.4647572612180463,0.5855070758002803,0.8,,0.0,0.0,EV<=0.00,0.6493506493506493,0.6225490196078431,-0.1577917583897968,0.0,False,2026-05-09,0.4649122807017544,0.4649122807017544,0.4647572612180463,1.0,True,1241.0,0.5560032232070911,,50.0,0.4618118910275937,0.4618118910275937,7.0,prob_iso_oos_time,0.0,,0.95,0.4649122807017544,proxy_blend_small_bin,0.4647572612180463,0.4647572612180463,False,False,False,0.4647572612180463,0.6005965597650357,0.6005965597650357,0.85,True,proxy|shrink,-28.42738177242086,-9.831910326756836,2026-05-09_CLE_DET,-9.831910326756836,1.0,1.0,1.0,0.0,3.0,0.3,0.0,0.036,-9.83,2026-05-09,2026-05-09,2026-05-09T16:13:43Z,watchlist,NO_BET,,LOW_PRICE_NEGATIVE_EV,,ev_only_skip,0.0,False,,,,,,
2026-05-09,LAL,OKC,3.95,1.27,0.5357852204786852,0.4954954954954955,,0.4875723616696681,0.35,0.7,,0.0,0.0,,0.2531645569620253,0.2432950191570881,0.24427734251258,0.0,False,2026-05-09,0.4954954954954955,0.4954954954954955,0.4875723616696681,1.0,True,1241.0,0.5560032232070911,,49.0,0.3370328189789477,0.3370328189789477,10.0,prob_iso_oos_time,0.0,,0.95,0.4954954954954955,proxy_blend_small_bin,0.4875723616696681,0.4875723616696681,True,False,False,0.4875723616696681,0.2548236945947093,0.2548236945947093,0.95,True,proxy|gap_flag|small_bin_mild_shrink|shrink,92.59108285951892,38.24999999999999,2026-05-09_LAL_OKC,,,,,,,,,,,2026-05-09,2026-05-09,2026-05-09T16:13:43Z,upcoming_d,NO_BET,,LIVE_WATCH_ONLY,,live_watch_only,0.0,False,,,,,,
2026-05-09,LAL,OKC,3.95,1.27,0.5357852204786852,0.4954954954954955,,0.4875723616696681,0.35,0.7,,0.0,0.0,Odds>3.40 | Prob<0.55,0.2531645569620253,0.2432950191570881,0.24427734251258,0.0,False,2026-05-09,0.4954954954954955,0.4954954954954955,0.4875723616696681,1.0,True,1241.0,0.5560032232070911,,49.0,0.3370328189789477,0.3370328189789477,10.0,prob_iso_oos_time,0.0,,0.95,0.4954954954954955,proxy_blend_small_bin,0.4875723616696681,0.4875723616696681,True,False,False,0.4875723616696681,0.2548236945947093,0.2548236945947093,0.95,True,proxy|gap_flag|small_bin_mild_shrink|shrink,92.59108285951892,38.24999999999999,2026-05-09_LAL_OKC,38.24999999999999,1.0,0.0,0.0,1.0,2.0,0.2,-0.55,-0.2,38.25,2026-05-09,2026-05-09,2026-05-09T16:13:43Z,watchlist,NO_BET,,LIVE_WATCH_ONLY,,live_watch_only,0.0,False,,,,,,
2026-05-10,MIN,SAS,2.6,1.52,0.4613955176779204,0.4695652173913043,,0.4631133422349474,0.3979511724331485,0.56,,0.0,0.0,,0.3846153846153846,0.3689320388349514,0.0941813033999959,0.0,False,2026-05-10,0.4695652173913043,0.4695652173913043,0.4631133422349474,1.0,True,1243.0,0.5551086082059533,,51.0,0.340527714264164,0.340527714264164,8.0,prob_iso_oos_time,0.0,,0.95,0.4695652173913043,proxy_blend_small_bin,0.4631133422349474,0.4631133422349474,False,False,False,0.4631133422349474,0.3979511724331485,0.3979511724331485,1.0,False,proxy,20.40946898108632,3.467304832618634,2026-05-10_MIN_SAS,,,,,,,,,,,2026-05-10,2026-05-10,2026-05-10T16:57:23Z,upcoming_d,NO_BET,,LIVE_WATCH_ONLY,,live_watch_only,0.0,False,,,,,,
2026-05-10,MIN,SAS,2.6,1.52,0.4613955176779204,0.4695652173913043,,0.4631133422349474,0.3979511724331485,0.56,,0.0,0.0,Prob<0.55,0.3846153846153846,0.3689320388349514,0.0941813033999959,0.0,False,2026-05-10,0.4695652173913043,0.4695652173913043,0.4631133422349474,1.0,True,1243.0,0.5551086082059533,,51.0,0.340527714264164,0.340527714264164,8.0,prob_iso_oos_time,0.0,,0.95,0.4695652173913043,proxy_blend_small_bin,0.4631133422349474,0.4631133422349474,False,False,False,0.4631133422349474,0.3979511724331485,0.3979511724331485,1.0,False,proxy,20.40946898108632,3.467304832618634,2026-05-10_MIN_SAS,3.467304832618634,1.0,1.0,0.0,1.0,3.0,0.06,0.0,-0.152,3.47,2026-05-10,2026-05-10,2026-05-10T16:57:23Z,watchlist,NO_BET,,LIVE_WATCH_ONLY,,live_watch_only,0.0,False,,,,,,
2026-05-10,PHI,NYK,2.0,1.83,0.4201925920983141,0.4175824175824176,,0.4108474933518472,0.4488126493891422,0.4,,0.0,0.0,,0.5,0.4778067885117493,-0.0669592951599021,0.0,False,2026-05-10,0.4175824175824176,0.4175824175824176,0.4108474933518472,1.0,True,1243.0,0.5551086082059533,,46.0,0.2828839329710102,0.2828839329710102,5.0,prob_iso_oos_time,0.0,,0.95,0.4175824175824176,proxy_blend_small_bin,0.4108474933518472,0.4108474933518472,False,False,False,0.4108474933518472,0.4488126493891422,0.4488126493891422,1.0,False,proxy,-17.830501329630554,-10.237470122171556,2026-05-10_PHI_NYK,,,,,,,,,,,2026-05-10,2026-05-10,2026-05-10T16:57:23Z,upcoming_d,NO_BET,,NO_VALUE_SKIP,,discipline_skip,0.0,False,,,,,,
2026-05-10,PHI,NYK,2.0,1.83,0.4201925920983141,0.4175824175824176,,0.4108474933518472,0.4488126493891422,0.4,,0.0,0.0,HWR<0.50 | Prob<0.55 | EV<=0.00,0.5,0.4778067885117493,-0.0669592951599021,0.0,False,2026-05-10,0.4175824175824176,0.4175824175824176,0.4108474933518472,1.0,True,1243.0,0.5551086082059533,,46.0,0.2828839329710102,0.2828839329710102,5.0,prob_iso_oos_time,0.0,,0.95,0.4175824175824176,proxy_blend_small_bin,0.4108474933518472,0.4108474933518472,False,False,False,0.4108474933518472,0.4488126493891422,0.4488126493891422,1.0,False,proxy,-17.830501329630554,-10.237470122171556,2026-05-10_PHI_NYK,-10.237470122171556,0.0,1.0,0.0,0.0,1.0,-0.1,0.0,-0.101,-10.24,2026-05-10,2026-05-10,2026-05-10T16:57:23Z,watchlist,NO_BET,,NO_VALUE_SKIP,,discipline_skip,0.0,False,,,,,,
2026-05-11,CLE,DET,1.6,2.4,0.4399901887167364,0.4734042553191489,,0.46266534047448,0.5753263105041565,0.9,,0.0,0.0,,0.625,0.6,-0.1373346595255199,0.0,False,2026-05-11,0.4734042553191489,0.4734042553191489,0.46266534047448,1.0,True,1245.0,0.5558232931726907,,50.0,0.2586259584257722,0.2586259584257722,8.0,prob_iso_oos_time,0.0,,0.95,0.4734042553191489,proxy_blend_small_bin,0.46266534047448,0.46266534047448,False,False,False,0.46266534047448,0.5753263105041565,0.5753263105041565,1.0,False,proxy,-25.973545524083185,-7.947790319334952,2026-05-11_CLE_DET,,,,,,,,,,,2026-05-11,2026-05-11,2026-05-11T17:39:19Z,upcoming_d,NO_BET,,LOW_PRICE_NEGATIVE_EV,,ev_only_skip,0.0,False,,,,,,
2026-05-11,CLE,DET,1.6,2.4,0.4399901887167364,0.4734042553191489,,0.46266534047448,0.5753263105041565,0.9,,0.0,0.0,EV<=0.00,0.625,0.6,-0.1373346595255199,0.0,False,2026-05-11,0.4734042553191489,0.4734042553191489,0.46266534047448,1.0,True,1245.0,0.5558232931726907,,50.0,0.2586259584257722,0.2586259584257722,8.0,prob_iso_oos_time,0.0,,0.95,0.4734042553191489,proxy_blend_small_bin,0.46266534047448,0.46266534047448,False,False,False,0.46266534047448,0.5753263105041565,0.5753263105041565,1.0,False,proxy,-25.973545524083185,-7.947790319334952,2026-05-11_CLE_DET,-7.947790319334952,1.0,1.0,1.0,0.0,3.0,0.4,0.0,0.025,-7.95,2026-05-11,2026-05-11,2026-05-11T17:39:20Z,watchlist,NO_BET,,LOW_PRICE_NEGATIVE_EV,,ev_only_skip,0.0,False,,,,,,
2026-05-11,LAL,OKC,4.9,1.19,0.3456049183938138,0.313953488372093,,0.3088594746181205,0.35,0.64,,0.0,0.0,,0.2040816326530612,0.1954022988505747,0.1545977011494252,0.0,False,2026-05-11,0.313953488372093,0.313953488372093,0.3088594746181205,1.0,True,1245.0,0.5558232931726907,,49.0,0.2120732132926421,0.2120732132926421,2.0,prob_iso_oos_time,0.0,,0.95,0.313953488372093,proxy_blend_small_bin,0.3088594746181205,0.35,True,False,False,0.35,0.2177864909975459,0.2177864909975459,0.95,True,proxy|gap_flag|small_bin_mild_shrink|shrink,71.5,71.5,2026-05-11_LAL_OKC,,,,,,,,,,,2026-05-11,2026-05-11,2026-05-11T17:39:19Z,upcoming_d,NO_BET,,LIVE_WATCH_ONLY,,live_watch_only,0.0,False,,,,,,
2026-05-11,LAL,OKC,4.9,1.19,0.3456049183938138,0.313953488372093,,0.3088594746181205,0.35,0.64,,0.0,0.0,Odds>3.40 | Prob<0.55,0.2040816326530612,0.1954022988505747,0.1545977011494252,0.0,False,2026-05-11,0.313953488372093,0.313953488372093,0.3088594746181205,1.0,True,1245.0,0.5558232931726907,,49.0,0.2120732132926421,0.2120732132926421,2.0,prob_iso_oos_time,0.0,,0.95,0.313953488372093,proxy_blend_small_bin,0.3088594746181205,0.35,True,False,False,0.35,0.2177864909975459,0.2177864909975459,0.95,True,proxy|gap_flag|small_bin_mild_shrink|shrink,71.5,71.5,2026-05-11_LAL_OKC,71.5,1.0,0.0,0.0,1.0,2.0,0.14,-1.5,-0.2,71.5,2026-05-11,2026-05-11,2026-05-11T17:39:20Z,watchlist,NO_BET,,LIVE_WATCH_ONLY,,live_watch_only,0.0,False,,,,,,
2026-05-12,SAS,MIN,1.26,4.0,0.688506195469906,0.7065868263473054,,0.6959600480471848,0.6969071350716161,0.5,,0.0,0.0,,0.7936507936507936,0.7604562737642586,-0.0644962257170738,0.0,False,2026-05-12,0.7065868263473054,0.6799401197604791,0.6959600480471848,1.0,True,1247.0,0.5557337610264635,,56.0,0.494051260344893,0.494051260344893,19.0,prob_iso_oos_time,0.0,,0.95,0.7065868263473054,proxy_blend_small_bin,0.6959600480471848,0.6959600480471848,False,False,False,0.6959600480471848,0.7316554530254307,0.7316554530254307,0.85,True,proxy|shrink,-12.309033946054711,-12.189700980976376,2026-05-12_SAS_MIN,,,,,,,,,,,2026-05-12,2026-05-12,2026-05-12T18:28:26Z,upcoming_d,NO_BET,,NO_VALUE_SKIP,,discipline_skip,0.0,False,,,,,,
2026-05-12,SAS,MIN,1.26,4.0,0.688506195469906,0.7065868263473054,,0.6959600480471848,0.6969071350716161,0.5,,0.0,0.0,Odds<1.30 | EV<=0.00,0.7936507936507936,0.7604562737642586,-0.0644962257170738,0.0,False,2026-05-12,0.7065868263473054,0.6799401197604791,0.6959600480471848,1.0,True,1247.0,0.5557337610264635,,56.0,0.494051260344893,0.494051260344893,19.0,prob_iso_oos_time,0.0,,0.95,0.7065868263473054,proxy_blend_small_bin,0.6959600480471848,0.6959600480471848,False,False,False,0.6959600480471848,0.7316554530254307,0.7316554530254307,0.85,True,proxy|shrink,-12.309033946054711,-12.189700980976376,2026-05-12_SAS_MIN,-12.189700980976376,1.0,0.0,1.0,0.0,2.0,0.0,-0.04,0.147,-12.19,2026-05-12,2026-05-12,2026-05-12T18:28:26Z,watchlist,NO_BET,,NO_VALUE_SKIP,,discipline_skip,0.0,False,,,,,,
2026-05-13,DET,CLE,1.56,2.5,0.504711586553746,0.4910714285714285,,0.4823152807371511,0.590594610266368,0.73,,0.0,0.0,,0.641025641025641,0.6157635467980296,-0.1334482660608784,0.0,False,2026-05-13,0.4910714285714285,0.4910714285714285,0.4823152807371511,1.0,True,1248.0,0.5552884615384616,,52.0,0.3159484718858809,0.3159484718858809,9.0,prob_iso_oos_time,0.0,,0.95,0.4910714285714285,proxy_blend_small_bin,0.4823152807371511,0.4823152807371511,False,False,False,0.4823152807371511,0.590594610266368,0.590594610266368,1.0,False,proxy,-24.75881620500442,-7.867240798446595,2026-05-13_DET_CLE,,,,,,,,,,,2026-05-13,2026-05-13,2026-05-13T17:24:12Z,upcoming_d,NO_BET,,LOW_PRICE_NEGATIVE_EV,,ev_only_skip,0.0,False,,,,,,
2026-05-13,DET,CLE,1.56,2.5,0.504711586553746,0.4910714285714285,,0.4823152807371511,0.590594610266368,0.73,,0.0,0.0,EV<=0.00,0.641025641025641,0.6157635467980296,-0.1334482660608784,0.0,False,2026-05-13,0.4910714285714285,0.4910714285714285,0.4823152807371511,1.0,True,1248.0,0.5552884615384616,,52.0,0.3159484718858809,0.3159484718858809,9.0,prob_iso_oos_time,0.0,,0.95,0.4910714285714285,proxy_blend_small_bin,0.4823152807371511,0.4823152807371511,False,False,False,0.4823152807371511,0.590594610266368,0.590594610266368,1.0,False,proxy,-24.75881620500442,-7.867240798446595,2026-05-13_DET_CLE,-7.867240798446595,1.0,1.0,1.0,0.0,3.0,0.23,0.0,0.041,-7.87,2026-05-13,2026-05-13,2026-05-13T17:24:12Z,watchlist,NO_BET,,LOW_PRICE_NEGATIVE_EV,,ev_only_skip,0.0,False,,,,,,
2026-05-15,CLE,DET,1.57,2.45,0.6188057090201048,0.6268656716417911,,0.6211778556694214,0.6016424692371166,0.9,,0.0,0.0,,0.6369426751592356,0.609452736318408,0.0117251193510133,0.0,False,2026-05-15,0.6268656716417911,0.6201492537313433,0.6211778556694214,1.0,True,1249.0,0.55484387510008,,49.0,0.5131093521943978,0.5131093521943978,14.0,prob_iso_oos_time,0.0,,0.95,0.6268656716417911,proxy_blend_small_bin,0.6211778556694214,0.6211778556694214,False,False,False,0.6211778556694214,0.6195793755730784,0.6195793755730784,0.85,True,proxy|shrink,-2.4750766599008376,-5.542132329772686,2026-05-15_CLE_DET,,,,,,,,,,,2026-05-15,2026-05-14,2026-05-14T12:48:17Z,upcoming_d,NO_BET,,LOW_PRICE_NEGATIVE_EV,,ev_only_skip,0.0,False,,,,,,
2026-05-15,CLE,DET,1.57,2.45,0.6188057090201048,0.6268656716417911,,0.6211778556694214,0.6016424692371166,0.9,,0.0,0.0,EV<=0.00,0.6369426751592356,0.609452736318408,0.0117251193510133,0.0,False,2026-05-15,0.6268656716417911,0.6201492537313433,0.6211778556694214,1.0,True,1249.0,0.55484387510008,,49.0,0.5131093521943978,0.5131093521943978,14.0,prob_iso_oos_time,0.0,,0.95,0.6268656716417911,proxy_blend_small_bin,0.6211778556694214,0.6211778556694214,False,False,False,0.6211778556694214,0.6195793755730784,0.6195793755730784,0.85,True,proxy|shrink,-2.4750766599008376,-5.542132329772686,2026-05-15_CLE_DET,-5.542132329772686,1.0,1.0,1.0,0.0,3.0,0.4,0.0,0.052,-5.54,2026-05-15,2026-05-14,2026-05-14T12:48:17Z,watchlist,NO_BET,,LOW_PRICE_NEGATIVE_EV,,ev_only_skip,0.0,False,,,,,,
2026-05-15,CLE,DET,1.57,2.45,0.6188057090201048,0.6268656716417911,,0.6205927690648525,0.6012729761264627,0.9,,0.0,0.0,,0.6369426751592356,0.609452736318408,0.0111400327464444,0.0,False,2026-05-15,0.6268656716417911,0.6201492537313433,0.6205927690648525,1.0,True,1249.0,0.55564451561249,,50.0,0.5014076201030195,0.5014076201030195,14.0,prob_iso_oos_time,0.0,,0.95,0.6268656716417911,proxy_blend_small_bin,0.6205927690648525,0.6205927690648525,False,False,False,0.6205927690648525,0.6191446777958385,0.6191446777958385,0.85,True,proxy|shrink,-2.566935256818154,-5.600142748145354,2026-05-15_CLE_DET,,,,,,,,,,,2026-05-15,2026-05-15,2026-05-15T17:11:04Z,upcoming_d,NO_BET,,LOW_PRICE_NEGATIVE_EV,,ev_only_skip,0.0,False,,,,,,
2026-05-15,CLE,DET,1.57,2.45,0.6188057090201048,0.6268656716417911,,0.6205927690648525,0.6012729761264627,0.9,,0.0,0.0,EV<=0.00,0.6369426751592356,0.609452736318408,0.0111400327464444,0.0,False,2026-05-15,0.6268656716417911,0.6201492537313433,0.6205927690648525,1.0,True,1249.0,0.55564451561249,,50.0,0.5014076201030195,0.5014076201030195,14.0,prob_iso_oos_time,0.0,,0.95,0.6268656716417911,proxy_blend_small_bin,0.6205927690648525,0.6205927690648525,False,False,False,0.6205927690648525,0.6191446777958385,0.6191446777958385,0.85,True,proxy|shrink,-2.566935256818154,-5.600142748145354,2026-05-15_CLE_DET,-5.600142748145354,1.0,1.0,1.0,0.0,3.0,0.4,0.0,0.051,-5.6,2026-05-15,2026-05-15,2026-05-15T17:11:04Z,watchlist,NO_BET,,LOW_PRICE_NEGATIVE_EV,,ev_only_skip,0.0,False,,,,,,
2026-05-15,MIN,SAS,2.6,1.52,0.5094336907913627,0.486725663716814,,0.4767664770272167,0.3969449801663173,0.62,,0.0,0.0,,0.3846153846153846,0.3689320388349514,0.1078344381922653,0.0,False,2026-05-15,0.486725663716814,0.486725663716814,0.4767664770272167,1.0,True,1249.0,0.55484387510008,,51.0,0.2875419299248689,0.2875419299248689,9.0,prob_iso_oos_time,0.0,,0.95,0.486725663716814,proxy_blend_small_bin,0.4767664770272167,0.4767664770272167,False,False,False,0.4767664770272167,0.3969449801663173,0.3969449801663173,1.0,False,proxy,23.95928402707635,3.2056948432425014,2026-05-15_MIN_SAS,,,,,,,,,,,2026-05-15,2026-05-14,2026-05-14T12:48:17Z,upcoming_d,NO_BET,,LIVE_WATCH_ONLY,,live_watch_only,0.0,False,,,,,,
2026-05-15,MIN,SAS,2.6,1.52,0.5094336907913627,0.486725663716814,,0.4767664770272167,0.3969449801663173,0.62,,0.0,0.0,Prob<0.55,0.3846153846153846,0.3689320388349514,0.1078344381922653,0.0,False,2026-05-15,0.486725663716814,0.486725663716814,0.4767664770272167,1.0,True,1249.0,0.55484387510008,,51.0,0.2875419299248689,0.2875419299248689,9.0,prob_iso_oos_time,0.0,,0.95,0.486725663716814,proxy_blend_small_bin,0.4767664770272167,0.4767664770272167,False,False,False,0.4767664770272167,0.3969449801663173,0.3969449801663173,1.0,False,proxy,23.95928402707635,3.2056948432425014,2026-05-15_MIN_SAS,3.2056948432425014,1.0,1.0,0.0,1.0,3.0,0.12,0.0,-0.153,3.21,2026-05-15,2026-05-14,2026-05-14T12:48:17Z,watchlist,NO_BET,,LIVE_WATCH_ONLY,,live_watch_only,0.0,False,,,,,,
2026-05-15,MIN,SAS,2.6,1.52,0.5094336907913627,0.486725663716814,,0.4797878367287261,0.396662535354833,0.62,,0.0,0.0,,0.3846153846153846,0.3689320388349514,0.1108557978937747,0.0,False,2026-05-15,0.486725663716814,0.486725663716814,0.4797878367287261,1.0,True,1249.0,0.55564451561249,,50.0,0.3479691239550571,0.3479691239550571,9.0,prob_iso_oos_time,0.0,,0.95,0.486725663716814,proxy_blend_small_bin,0.4797878367287261,0.4797878367287261,False,False,False,0.4797878367287261,0.396662535354833,0.396662535354833,1.0,False,proxy,24.7448375494688,3.1322591922565923,2026-05-15_MIN_SAS,,,,,,,,,,,2026-05-15,2026-05-15,2026-05-15T17:11:04Z,upcoming_d,NO_BET,,LIVE_WATCH_ONLY,,live_watch_only,0.0,False,,,,,,
2026-05-15,MIN,SAS,2.6,1.52,0.5094336907913627,0.486725663716814,,0.4797878367287261,0.396662535354833,0.62,,0.0,0.0,Prob<0.55,0.3846153846153846,0.3689320388349514,0.1108557978937747,0.0,False,2026-05-15,0.486725663716814,0.486725663716814,0.4797878367287261,1.0,True,1249.0,0.55564451561249,,50.0,0.3479691239550571,0.3479691239550571,9.0,prob_iso_oos_time,0.0,,0.95,0.486725663716814,proxy_blend_small_bin,0.4797878367287261,0.4797878367287261,False,False,False,0.4797878367287261,0.396662535354833,0.396662535354833,1.0,False,proxy,24.7448375494688,3.1322591922565923,2026-05-15_MIN_SAS,3.1322591922565923,1.0,1.0,0.0,1.0,3.0,0.12,0.0,-0.153,3.13,2026-05-15,2026-05-15,2026-05-15T17:11:04Z,watchlist,NO_BET,,LIVE_WATCH_ONLY,,live_watch_only,0.0,False,,,,,,
2026-05-17,DET,CLE,1.56,2.5,0.6408278423179323,0.6388888888888888,,0.6295679794304675,0.6082731171583827,0.6,,0.0,0.0,,0.641025641025641,0.6157635467980296,0.0138044326324379,0.0,False,2026-05-17,0.6388888888888888,0.6291666666666667,0.6295679794304675,1.0,True,1251.0,0.5547561950439648,,49.0,0.4524706997204626,0.4524706997204626,15.0,prob_iso_oos_time,0.0,,0.95,0.6388888888888888,proxy_blend_small_bin,0.6295679794304675,0.6295679794304675,False,False,False,0.6295679794304675,0.6273801378333914,0.6273801378333914,0.85,True,proxy|shrink,-1.78739520884707,-5.1093937232922935,2026-05-17_DET_CLE,,,,,,,,,,,2026-05-17,2026-05-16,2026-05-16T16:02:30Z,upcoming_d,NO_BET,,LOW_PRICE_NEGATIVE_EV,,ev_only_skip,0.0,False,,,,,,
2026-05-17,DET,CLE,1.56,2.5,0.6408278423179323,0.6388888888888888,,0.6295679794304675,0.6082731171583827,0.6,,0.0,0.0,EV<=0.00,0.641025641025641,0.6157635467980296,0.0138044326324379,0.0,False,2026-05-17,0.6388888888888888,0.6291666666666667,0.6295679794304675,1.0,True,1251.0,0.5547561950439648,,49.0,0.4524706997204626,0.4524706997204626,15.0,prob_iso_oos_time,0.0,,0.95,0.6388888888888888,proxy_blend_small_bin,0.6295679794304675,0.6295679794304675,False,False,False,0.6295679794304675,0.6273801378333914,0.6273801378333914,0.85,True,proxy|shrink,-1.78739520884707,-5.1093937232922935,2026-05-17_DET_CLE,-5.1093937232922935,1.0,1.0,1.0,0.0,3.0,0.1,0.0,0.058,-5.11,2026-05-17,2026-05-16,2026-05-16T16:02:30Z,watchlist,NO_BET,,LOW_PRICE_NEGATIVE_EV,,ev_only_skip,0.0,False,,,,,,
2026-05-18,OKC,SAS,1.41,3.0,0.5261374567095911,0.4824561403508772,,0.4748180506342247,0.6398410296539938,0.75,,0.0,0.0,,0.7092198581560284,0.6802721088435374,-0.2054540582093126,0.0,False,2026-05-18,0.4824561403508772,0.4824561403508772,0.4748180506342247,1.0,True,1252.0,0.5543130990415336,,50.0,0.3296943460178263,0.3296943460178263,9.0,prob_iso_oos_time,0.0,,0.95,0.4824561403508772,proxy_blend_small_bin,0.4748180506342247,0.4748180506342247,False,False,False,0.4748180506342247,0.6645188584164633,0.6645188584164633,0.85,True,proxy|shrink,-33.05065486057431,-9.782414818786878,2026-05-18_OKC_SAS,,,,,,,,,,,2026-05-18,2026-05-18,2026-05-18T21:28:41Z,upcoming_d,NO_BET,,LOW_PRICE_NEGATIVE_EV,,ev_only_skip,0.0,False,,,,,,
2026-05-18,OKC,SAS,1.41,3.0,0.5261374567095911,0.4824561403508772,,0.4748180506342247,0.6398410296539938,0.75,,0.0,0.0,EV<=0.00,0.7092198581560284,0.6802721088435374,-0.2054540582093126,0.0,False,2026-05-18,0.4824561403508772,0.4824561403508772,0.4748180506342247,1.0,True,1252.0,0.5543130990415336,,50.0,0.3296943460178263,0.3296943460178263,9.0,prob_iso_oos_time,0.0,,0.95,0.4824561403508772,proxy_blend_small_bin,0.4748180506342247,0.4748180506342247,False,False,False,0.4748180506342247,0.6645188584164633,0.6645188584164633,0.85,True,proxy|shrink,-33.05065486057431,-9.782414818786878,2026-05-18_OKC_SAS,-9.782414818786878,1.0,1.0,1.0,0.0,3.0,0.25,0.0,0.09,-9.78,2026-05-18,2026-05-18,2026-05-18T21:28:41Z,watchlist,NO_BET,,LOW_PRICE_NEGATIVE_EV,,ev_only_skip,0.0,False,,,,,,
2026-05-19,NYK,CLE,1.38,3.15,0.7620023524204657,0.7744360902255639,,0.7607846667194367,0.690605881925604,0.7,,0.0,0.0,,0.7246376811594204,0.695364238410596,0.0654204283088406,0.0,False,2026-05-19,0.7744360902255639,0.7308270676691729,0.7607846667194367,1.0,True,1253.0,0.5538707102952913,,50.0,0.5014076201030194,0.5014076201030194,22.0,prob_iso_oos_time,0.0,,0.95,0.7744360902255639,proxy_blend_small_bin,0.7607846667194367,0.7607846667194367,False,False,False,0.7607846667194367,0.7242422140301225,0.7242422140301225,0.85,True,proxy|shrink,4.988284007282251,-4.696388294266651,2026-05-19_NYK_CLE,,,,,,,,,,,2026-05-19,2026-05-19,2026-05-19T17:16:14Z,upcoming_d,NO_BET,,LOW_PRICE_NEGATIVE_EV,,ev_only_skip,0.0,False,,,,,,
2026-05-19,NYK,CLE,1.38,3.15,0.7620023524204657,0.7744360902255639,,0.7607846667194367,0.690605881925604,0.7,,0.0,0.0,EV<=0.00,0.7246376811594204,0.695364238410596,0.0654204283088406,0.0,False,2026-05-19,0.7744360902255639,0.7308270676691729,0.7607846667194367,1.0,True,1253.0,0.5538707102952913,,50.0,0.5014076201030194,0.5014076201030194,22.0,prob_iso_oos_time,0.0,,0.95,0.7744360902255639,proxy_blend_small_bin,0.7607846667194367,0.7607846667194367,False,False,False,0.7607846667194367,0.7242422140301225,0.7242422140301225,0.85,True,proxy|shrink,4.988284007282251,-4.696388294266651,2026-05-19_NYK_CLE,-4.696388294266651,1.0,1.0,1.0,0.0,3.0,0.2,0.0,0.141,-4.7,2026-05-19,2026-05-19,2026-05-19T17:16:14Z,watchlist,NO_BET,,LOW_PRICE_NEGATIVE_EV,,ev_only_skip,0.0,False,,,,,,
2026-05-20,OKC,SAS,1.42,2.95,0.5925200799748186,0.6222222222222222,,0.6161814921162622,0.6248247846335847,0.69,,0.0,0.0,,0.7042253521126761,0.6750572082379863,-0.0588757161217241,0.0,False,2026-05-20,0.6222222222222222,0.6166666666666667,0.6161814921162622,1.0,True,1254.0,0.5542264752791068,,50.0,0.5014076201030195,0.5014076201030195,13.0,prob_iso_oos_time,0.0,,0.95,0.6222222222222222,proxy_blend_small_bin,0.6161814921162622,0.6161814921162622,False,False,False,0.6161814921162622,0.6468526878042173,0.6468526878042173,0.85,True,proxy|shrink,-12.502228119490775,-11.274880582030978,2026-05-20_OKC_SAS,,,,,,,,,,,2026-05-20,2026-05-20,2026-05-20T17:24:54Z,upcoming_d,NO_BET,,LOW_PRICE_NEGATIVE_EV,,ev_only_skip,0.0,False,,,,,,
2026-05-20,OKC,SAS,1.42,2.95,0.5925200799748186,0.6222222222222222,,0.6161814921162622,0.6248247846335847,0.69,,0.0,0.0,EV<=0.00,0.7042253521126761,0.6750572082379863,-0.0588757161217241,0.0,False,2026-05-20,0.6222222222222222,0.6166666666666667,0.6161814921162622,1.0,True,1254.0,0.5542264752791068,,50.0,0.5014076201030195,0.5014076201030195,13.0,prob_iso_oos_time,0.0,,0.95,0.6222222222222222,proxy_blend_small_bin,0.6161814921162622,0.6161814921162622,False,False,False,0.6161814921162622,0.6468526878042173,0.6468526878042173,0.85,True,proxy|shrink,-12.502228119490775,-11.274880582030978,2026-05-20_OKC_SAS,-11.274880582030978,1.0,1.0,1.0,0.0,3.0,0.19,0.0,0.075,-11.27,2026-05-20,2026-05-20,2026-05-20T17:24:54Z,watchlist,NO_BET,,LOW_PRICE_NEGATIVE_EV,,ev_only_skip,0.0,False,,,,,,
2026-05-21,NYK,CLE,1.46,2.8,0.7745430254473508,0.7761194029850746,,0.7623838138409719,0.6576991097586767,0.73,,0.0,0.0,,0.684931506849315,0.6572769953051644,0.1051068185358075,0.0,False,2026-05-21,0.7761194029850746,0.732089552238806,0.7623838138409719,1.0,True,1255.0,0.5545816733067729,,50.0,0.5014076201030195,0.5014076201030195,22.0,prob_iso_oos_time,0.0,,0.95,0.7761194029850746,proxy_blend_small_bin,0.7623838138409719,0.7623838138409719,False,False,False,0.7623838138409719,0.6855283644219726,0.6855283644219726,0.85,True,proxy|shrink,11.308036820781892,-3.9759299752332,2026-05-21_NYK_CLE,,,,,,,,,,,2026-05-21,2026-05-21,2026-05-21T17:45:16Z,upcoming_d,NO_BET,,LOW_PRICE_NEGATIVE_EV,,ev_only_skip,0.0,False,,,,,,
2026-05-21,NYK,CLE,1.46,2.8,0.7745430254473508,0.7761194029850746,,0.7623838138409719,0.6576991097586767,0.73,,0.0,0.0,EV<=0.00,0.684931506849315,0.6572769953051644,0.1051068185358075,0.0,False,2026-05-21,0.7761194029850746,0.732089552238806,0.7623838138409719,1.0,True,1255.0,0.5545816733067729,,50.0,0.5014076201030195,0.5014076201030195,22.0,prob_iso_oos_time,0.0,,0.95,0.7761194029850746,proxy_blend_small_bin,0.7623838138409719,0.7623838138409719,False,False,False,0.7623838138409719,0.6855283644219726,0.6855283644219726,0.85,True,proxy|shrink,11.308036820781892,-3.9759299752332,2026-05-21_NYK_CLE,-3.9759299752332,1.0,1.0,1.0,0.0,3.0,0.23,0.0,0.108,-3.98,2026-05-21,2026-05-21,2026-05-21T17:45:16Z,watchlist,NO_BET,,LOW_PRICE_NEGATIVE_EV,,ev_only_skip,0.0,False,,,,,,
2026-05-22,SAS,OKC,1.8,2.05,0.7121002721478685,0.7777777777777778,,,0.5489134111309387,0.5,,,,,0.5555555555555556,0.5324675324675325,0.179632739680336,,False,,,,,,False,,,,,,,,,,,,,,0.7121002721478685,0.7121002721478685,True,False,False,0.7121002721478685,0.5514878011904618,0.5514878011904618,0.95,True,proxy|gap_flag|small_bin_mild_shrink|shrink,28.178048986616332,-1.1955859964310256,2026-05-22_SAS_OKC,,,,,,,,,,,2026-05-22,2026-05-22,2026-05-22T23:12:01Z,upcoming_d,NO_BET,,NO_VALUE_SKIP,,discipline_skip,,False,,,,,,
2026-05-22,SAS,OKC,1.8,2.05,0.7121002721478685,0.7777777777777778,,,0.5489134111309387,0.5,,,,Prob<0.55 | EV<=0.00,0.5555555555555556,0.5324675324675325,0.179632739680336,,False,,,,,,False,,,,,,,,,,,,,,0.7121002721478685,0.7121002721478685,True,False,False,0.7121002721478685,0.5514878011904618,0.5514878011904618,0.95,True,proxy|gap_flag|small_bin_mild_shrink|shrink,28.178048986616332,-1.1955859964310256,2026-05-22_SAS_OKC,-1.1955859964310256,1.0,1.0,0.0,0.0,2.0,0.0,0.0,-0.001,-1.2,2026-05-22,2026-05-22,2026-05-22T23:12:01Z,watchlist,NO_BET,,NO_VALUE_SKIP,,discipline_skip,,False,,,,,,
2026-05-23,CLE,NYK,1.74,2.14,0.5913714810225579,0.625,,0.6186857142924006,0.5805531361823628,0.8,,0.0,0.0,,0.5747126436781609,0.5515463917525772,0.0671393225398233,0.0,False,2026-05-23,0.625,0.61875,0.6186857142924006,1.0,True,1257.0,0.5544948289578361,,52.0,0.4987142858480117,0.4987142858480117,13.0,prob_iso_oos_time,0.0,,0.95,0.625,proxy_blend_small_bin,0.6186857142924006,0.6186857142924006,False,False,False,0.6186857142924006,0.5805531361823628,0.5805531361823628,1.0,False,proxy,7.651314286877703,1.0162456957311272,2026-05-23_CLE_NYK,,,,,,,,,,,2026-05-23,2026-05-23,2026-05-23T20:16:41Z,upcoming_d,NO_BET,,LIVE_WATCH_ONLY,,live_watch_only,0.0,False,,,,,,
2026-05-23,CLE,NYK,1.74,2.14,0.5913714810225579,0.625,,0.6186857142924006,0.5805531361823628,0.8,,0.0,0.0,PASS_FILTERS_ONLY,0.5747126436781609,0.5515463917525772,0.0671393225398233,0.0,False,2026-05-23,0.625,0.61875,0.6186857142924006,1.0,True,1257.0,0.5544948289578361,,52.0,0.4987142858480117,0.4987142858480117,13.0,prob_iso_oos_time,0.0,,0.95,0.625,proxy_blend_small_bin,0.6186857142924006,0.6186857142924006,False,False,False,0.6186857142924006,0.5805531361823628,0.5805531361823628,1.0,False,proxy,7.651314286877703,1.0162456957311272,2026-05-23_CLE_NYK,1.0162456957311272,1.0,1.0,1.0,1.0,4.0,0.3,0.0,0.031,1.02,2026-05-23,2026-05-23,2026-05-23T20:16:41Z,watchlist,NO_BET,,CANONICAL_MODEL_SIGNAL,CANONICAL_MODEL_SIGNAL,canonical_model,0.0,False,,,,,,
2026-05-24,SAS,OKC,1.7,2.2,0.7303022488505013,0.7720588235294118,,0.7662054505120245,0.5762486955371755,0.46,,0.0,0.0,,0.5882352941176471,0.5641025641025641,0.2021028864094604,0.0,False,2026-05-24,0.7720588235294118,0.7290441176470588,0.7662054505120245,1.0,True,1258.0,0.5540540540540541,,44.0,0.6549913631816677,0.6549913631816677,21.0,prob_iso_oos_time,0.0,,0.95,0.7720588235294118,proxy_blend_small_bin,0.7662054505120245,0.7662054505120245,True,False,False,0.7662054505120245,0.5802617847759742,0.5802617847759742,0.95,True,proxy|gap_flag|small_bin_mild_shrink|shrink,30.25492658704416,-2.0377217586801666,2026-05-24_SAS_OKC,,,,,,,,,,,2026-05-24,2026-05-24,2026-05-24T17:16:45Z,upcoming_d,NO_BET,,NO_VALUE_SKIP,,discipline_skip,0.0,False,,,,,,
2026-05-24,SAS,OKC,1.7,2.2,0.7303022488505013,0.7720588235294118,,0.7662054505120245,0.5762486955371755,0.46,,0.0,0.0,HWR<0.50 | EV<=0.00,0.5882352941176471,0.5641025641025641,0.2021028864094604,0.0,False,2026-05-24,0.7720588235294118,0.7290441176470588,0.7662054505120245,1.0,True,1258.0,0.5540540540540541,,44.0,0.6549913631816677,0.6549913631816677,21.0,prob_iso_oos_time,0.0,,0.95,0.7720588235294118,proxy_blend_small_bin,0.7662054505120245,0.7662054505120245,True,False,False,0.7662054505120245,0.5802617847759742,0.5802617847759742,0.95,True,proxy|gap_flag|small_bin_mild_shrink|shrink,30.25492658704416,-2.0377217586801666,2026-05-24_SAS_OKC,-2.0377217586801666,0.0,1.0,1.0,0.0,2.0,-0.04,0.0,0.026,-2.04,2026-05-24,2026-05-24,2026-05-24T17:16:45Z,watchlist,NO_BET,,NO_VALUE_SKIP,,discipline_skip,0.0,False,,,,,,
2026-05-25,CLE,NYK,2.2,1.7,0.5284811157730231,0.4782608695652172,,0.4690352247042397,0.4577966757633098,0.7,,0.0,0.0,,0.4545454545454545,0.4358974358974359,0.0331377888068038,0.0,False,2026-05-25,0.4782608695652172,0.4782608695652172,0.4690352247042397,1.0,True,1259.0,0.5544082605242255,,50.0,0.2937479723456693,0.2937479723456693,9.0,prob_iso_oos_time,0.0,,0.95,0.4782608695652172,proxy_blend_small_bin,0.4690352247042397,0.4690352247042397,False,False,False,0.4690352247042397,0.4577966757633098,0.4577966757633098,1.0,False,proxy,3.187749434932752,0.7152686679281706,2026-05-25_CLE_NYK,,,,,,,,,,,2026-05-25,2026-05-25,2026-05-25T16:43:21Z,upcoming_d,NO_BET,,LIVE_WATCH_ONLY,,live_watch_only,0.0,False,,,,,,
2026-05-25,CLE,NYK,2.2,1.7,0.5284811157730231,0.4782608695652172,,0.4690352247042397,0.4577966757633098,0.7,,0.0,0.0,Prob<0.55,0.4545454545454545,0.4358974358974359,0.0331377888068038,0.0,False,2026-05-25,0.4782608695652172,0.4782608695652172,0.4690352247042397,1.0,True,1259.0,0.5544082605242255,,50.0,0.2937479723456693,0.2937479723456693,9.0,prob_iso_oos_time,0.0,,0.95,0.4782608695652172,proxy_blend_small_bin,0.4690352247042397,0.4690352247042397,False,False,False,0.4690352247042397,0.4577966757633098,0.4577966757633098,1.0,False,proxy,3.187749434932752,0.7152686679281706,2026-05-25_CLE_NYK,0.7152686679281706,1.0,1.0,0.0,1.0,3.0,0.2,0.0,-0.092,0.72,2026-05-25,2026-05-25,2026-05-25T16:43:21Z,watchlist,NO_BET,,LIVE_WATCH_ONLY,,live_watch_only,0.0,False,,,,,,
2026-05-26,OKC,SAS,1.59,2.42,0.564078259323867,0.6029411764705882,,0.5980135158740909,0.5983760356579049,0.64,,0.0,0.0,,0.6289308176100629,0.6034912718204488,-0.0054777559463579,0.0,False,2026-05-26,0.6029411764705882,0.6022058823529411,0.5980135158740909,1.0,True,1260.0,0.553968253968254,,48.0,0.5043879645406409,0.5043879645406409,12.0,prob_iso_oos_time,0.0,,0.95,0.6029411764705882,proxy_blend_small_bin,0.5980135158740909,0.5980135158740909,False,False,False,0.5980135158740909,0.5983760356579049,0.5983760356579049,1.0,False,proxy,-4.915850976019542,-4.858210330393121,2026-05-26_OKC_SAS,,,,,,,,,,,2026-05-26,2026-05-26,2026-05-26T17:59:58Z,upcoming_d,NO_BET,,LOW_PRICE_NEGATIVE_EV,,ev_only_skip,0.0,False,,,,,,
2026-05-26,OKC,SAS,1.59,2.42,0.564078259323867,0.6029411764705882,,0.5980135158740909,0.5983760356579049,0.64,,0.0,0.0,EV<=0.00,0.6289308176100629,0.6034912718204488,-0.0054777559463579,0.0,False,2026-05-26,0.6029411764705882,0.6022058823529411,0.5980135158740909,1.0,True,1260.0,0.553968253968254,,48.0,0.5043879645406409,0.5043879645406409,12.0,prob_iso_oos_time,0.0,,0.95,0.6029411764705882,proxy_blend_small_bin,0.5980135158740909,0.5980135158740909,False,False,False,0.5980135158740909,0.5983760356579049,0.5983760356579049,1.0,False,proxy,-4.915850976019542,-4.858210330393121,2026-05-26_OKC_SAS,-4.858210330393121,1.0,1.0,1.0,0.0,3.0,0.14,0.0,0.048,-4.86,2026-05-26,2026-05-26,2026-05-26T17:59:58Z,watchlist,NO_BET,,LOW_PRICE_NEGATIVE_EV,,ev_only_skip,0.0,False,,,,,,
2026-05-28,SAS,OKC,1.62,2.36,0.6964650151190225,0.7083333333333334,,0.6958999717910925,0.6031847519245077,0.42,,0.0,0.0,,0.6172839506172839,0.5929648241206029,0.1029351476704896,0.0,False,2026-05-28,0.7083333333333334,0.68125,0.6958999717910925,1.0,True,1261.0,0.5543219666931007,,54.0,0.4596661024885152,0.4596661024885152,19.0,prob_iso_oos_time,0.0,,0.95,0.7083333333333334,proxy_blend_small_bin,0.6958999717910925,0.6958999717910925,False,False,False,0.6958999717910925,0.6213938257935385,0.6213938257935385,0.85,True,proxy|shrink,12.735795430157,-2.284070188229742,2026-05-28_SAS_OKC,,,,,,,,,,,2026-05-28,2026-05-27,2026-05-27T16:56:53Z,upcoming_d,NO_BET,,NO_VALUE_SKIP,,discipline_skip,0.0,False,,,,,,
2026-05-28,SAS,OKC,1.62,2.36,0.6964650151190225,0.7083333333333334,,0.6958999717910925,0.6031847519245077,0.42,,0.0,0.0,HWR<0.50 | EV<=0.00,0.6172839506172839,0.5929648241206029,0.1029351476704896,0.0,False,2026-05-28,0.7083333333333334,0.68125,0.6958999717910925,1.0,True,1261.0,0.5543219666931007,,54.0,0.4596661024885152,0.4596661024885152,19.0,prob_iso_oos_time,0.0,,0.95,0.7083333333333334,proxy_blend_small_bin,0.6958999717910925,0.6958999717910925,False,False,False,0.6958999717910925,0.6213938257935385,0.6213938257935385,0.85,True,proxy|shrink,12.735795430157,-2.284070188229742,2026-05-28_SAS_OKC,-2.284070188229742,0.0,1.0,1.0,0.0,2.0,-0.08,0.0,0.053,-2.28,2026-05-28,2026-05-27,2026-05-27T16:56:53Z,watchlist,NO_BET,,NO_VALUE_SKIP,,discipline_skip,0.0,False,,,,,,
2026-05-28,SAS,OKC,1.62,2.36,0.6964650151190225,0.7083333333333334,,0.6958999717910925,0.6031847519245077,0.42,,0.0,0.0,,0.6172839506172839,0.5929648241206029,0.1029351476704896,0.0,False,2026-05-28,0.7083333333333334,0.68125,0.6958999717910925,1.0,True,1261.0,0.5543219666931007,,54.0,0.4596661024885152,0.4596661024885152,19.0,prob_iso_oos_time,0.0,,0.95,0.7083333333333334,proxy_blend_small_bin,0.6958999717910925,0.6958999717910925,False,False,False,0.6958999717910925,0.6213938257935385,0.6213938257935385,0.85,True,proxy|shrink,12.735795430157,-2.284070188229742,2026-05-28_SAS_OKC,,,,,,,,,,,2026-05-28,2026-05-28,2026-05-28T16:22:12Z,upcoming_d,NO_BET,,NO_VALUE_SKIP,,discipline_skip,0.0,False,,,,,,
2026-05-28,SAS,OKC,1.62,2.36,0.6964650151190225,0.7083333333333334,,0.6958999717910925,0.6031847519245077,0.42,,0.0,0.0,HWR<0.50 | EV<=0.00,0.6172839506172839,0.5929648241206029,0.1029351476704896,0.0,False,2026-05-28,0.7083333333333334,0.68125,0.6958999717910925,1.0,True,1261.0,0.5543219666931007,,54.0,0.4596661024885152,0.4596661024885152,19.0,prob_iso_oos_time,0.0,,0.95,0.7083333333333334,proxy_blend_small_bin,0.6958999717910925,0.6958999717910925,False,False,False,0.6958999717910925,0.6213938257935385,0.6213938257935385,0.85,True,proxy|shrink,12.735795430157,-2.284070188229742,2026-05-28_SAS_OKC,-2.284070188229742,0.0,1.0,1.0,0.0,2.0,-0.08,0.0,0.053,-2.28,2026-05-28,2026-05-28,2026-05-28T16:22:12Z,watchlist,NO_BET,,NO_VALUE_SKIP,,discipline_skip,0.0,False,,,,,,
2026-05-30,OKC,SAS,1.62,2.36,0.5548415441122004,0.6086956521739131,,0.6036457656538536,0.5869642066571787,0.6,,0.0,0.0,,0.6172839506172839,0.5929648241206029,0.0106809415332507,0.0,False,2026-05-30,0.6086956521739131,0.6065217391304348,0.6036457656538536,1.0,True,1262.0,0.554675118858954,,46.0,0.5076979217727255,0.5076979217727255,12.0,prob_iso_oos_time,0.0,,0.95,0.6086956521739131,proxy_blend_small_bin,0.6036457656538536,0.6036457656538536,False,False,False,0.6036457656538536,0.6023108313613867,0.6023108313613867,0.85,True,proxy|shrink,-2.209385964075705,-4.911798521537037,2026-05-30_OKC_SAS,,,,,,,,,,,2026-05-30,2026-05-29,2026-05-29T16:38:46Z,upcoming_d,NO_BET,,LOW_PRICE_NEGATIVE_EV,,ev_only_skip,0.0,False,,,,,,
2026-05-30,OKC,SAS,1.62,2.36,0.5548415441122004,0.6086956521739131,,0.6036457656538536,0.5869642066571787,0.6,,0.0,0.0,EV<=0.00,0.6172839506172839,0.5929648241206029,0.0106809415332507,0.0,False,2026-05-30,0.6086956521739131,0.6065217391304348,0.6036457656538536,1.0,True,1262.0,0.554675118858954,,46.0,0.5076979217727255,0.5076979217727255,12.0,prob_iso_oos_time,0.0,,0.95,0.6086956521739131,proxy_blend_small_bin,0.6036457656538536,0.6036457656538536,False,False,False,0.6036457656538536,0.6023108313613867,0.6023108313613867,0.85,True,proxy|shrink,-2.209385964075705,-4.911798521537037,2026-05-30_OKC_SAS,-4.911798521537037,1.0,1.0,1.0,0.0,3.0,0.1,0.0,0.037,-4.91,2026-05-30,2026-05-29,2026-05-29T16:38:46Z,watchlist,NO_BET,,LOW_PRICE_NEGATIVE_EV,,ev_only_skip,0.0,False,,,,,,
2026-05-30,OKC,SAS,1.62,2.36,0.5548415441122004,0.6086956521739131,,0.6036457656538536,0.5869642066571787,0.6,,0.0,0.0,,0.6172839506172839,0.5929648241206029,0.0106809415332507,0.0,False,2026-05-30,0.6086956521739131,0.6065217391304348,0.6036457656538536,1.0,True,1262.0,0.554675118858954,,46.0,0.5076979217727255,0.5076979217727255,12.0,prob_iso_oos_time,0.0,,0.95,0.6086956521739131,proxy_blend_small_bin,0.6036457656538536,0.6036457656538536,False,False,False,0.6036457656538536,0.6023108313613867,0.6023108313613867,0.85,True,proxy|shrink,-2.209385964075705,-4.911798521537037,2026-05-30_OKC_SAS,,,,,,,,,,,2026-05-30,2026-05-30,2026-05-30T19:14:58Z,upcoming_d,NO_BET,,LOW_PRICE_NEGATIVE_EV,,ev_only_skip,0.0,False,,,,,,
2026-05-30,OKC,SAS,1.62,2.36,0.5548415441122004,0.6086956521739131,,0.6036457656538536,0.5869642066571787,0.6,,0.0,0.0,EV<=0.00,0.6172839506172839,0.5929648241206029,0.0106809415332507,0.0,False,2026-05-30,0.6086956521739131,0.6065217391304348,0.6036457656538536,1.0,True,1262.0,0.554675118858954,,46.0,0.5076979217727255,0.5076979217727255,12.0,prob_iso_oos_time,0.0,,0.95,0.6086956521739131,proxy_blend_small_bin,0.6036457656538536,0.6036457656538536,False,False,False,0.6036457656538536,0.6023108313613867,0.6023108313613867,0.85,True,proxy|shrink,-2.209385964075705,-4.911798521537037,2026-05-30_OKC_SAS,-4.911798521537037,1.0,1.0,1.0,0.0,3.0,0.1,0.0,0.037,-4.91,2026-05-30,2026-05-30,2026-05-30T19:14:58Z,watchlist,NO_BET,,LOW_PRICE_NEGATIVE_EV,,ev_only_skip,0.0,False,,,,,,
2026-06-03,SAS,NYK,1.49,2.7,0.631855566477035,0.6330275229357798,,,0.6136226767540579,0.45,,,,,0.6711409395973155,0.6443914081145585,-0.0125358416375235,,False,,,,,,False,,,,,,,,,,,,,,0.631855566477035,0.631855566477035,False,False,False,0.631855566477035,0.6336737373577151,0.6336737373577151,0.85,True,proxy|shrink,-5.853520594921785,-8.570221163645375,2026-06-03_SAS_NYK,,,,,,,,,,,2026-06-03,2026-05-31,2026-05-31T16:32:40Z,upcoming_d,NO_BET,,NO_VALUE_SKIP,,discipline_skip,,False,,,,,,
2026-06-03,SAS,NYK,1.49,2.7,0.631855566477035,0.6330275229357798,,,0.6136226767540579,0.45,,,,HWR<0.50 | Odds<1.80 | EV<=0.00,0.6711409395973155,0.6443914081145585,-0.0125358416375235,,False,,,,,,False,,,,,,,,,,,,,,0.631855566477035,0.631855566477035,False,False,False,0.631855566477035,0.6336737373577151,0.6336737373577151,0.85,True,proxy|shrink,-5.853520594921785,-8.570221163645375,2026-06-03_SAS_NYK,-8.570221163645375,0.0,0.0,1.0,0.0,1.0,-0.05,-0.31,0.064,-8.57,2026-06-03,2026-05-31,2026-05-31T16:32:40Z,watchlist,NO_BET,,NO_VALUE_SKIP,,discipline_skip,,False,,,,,,
2026-06-03,SAS,NYK,1.51,2.64,0.631855566477035,0.6330275229357798,,,0.6122675379961963,0.45,,,,,0.6622516556291391,0.6361445783132531,-0.0042890118362181,,False,,,,,,False,,,,,,,,,,,,,,0.631855566477035,0.631855566477035,False,False,False,0.631855566477035,0.6320794564661133,0.6320794564661133,0.85,True,proxy|shrink,-4.5898094619677146,-7.547601762574363,2026-06-03_SAS_NYK,,,,,,,,,,,2026-06-03,2026-06-01,2026-06-01T16:31:53Z,upcoming_d,NO_BET,,NO_VALUE_SKIP,,discipline_skip,,False,,,,,,
2026-06-03,SAS,NYK,1.51,2.64,0.631855566477035,0.6330275229357798,,,0.6122675379961963,0.45,,,,HWR<0.50 | Odds<1.80 | EV<=0.00,0.6622516556291391,0.6361445783132531,-0.0042890118362181,,False,,,,,,False,,,,,,,,,,,,,,0.631855566477035,0.631855566477035,False,False,False,0.631855566477035,0.6320794564661133,0.6320794564661133,0.85,True,proxy|shrink,-4.5898094619677146,-7.547601762574363,2026-06-03_SAS_NYK,-7.547601762574363,0.0,0.0,1.0,0.0,1.0,-0.05,-0.29,0.062,-7.55,2026-06-03,2026-06-01,2026-06-01T16:31:53Z,watchlist,NO_BET,,NO_VALUE_SKIP,,discipline_skip,,False,,,,,,
2026-06-03,SAS,NYK,1.49,2.7,0.631855566477035,0.6330275229357798,,0.6264465277941418,0.6105444158302383,0.45,,0.0,0.0,,0.6711409395973155,0.6443914081145585,-0.0179448803204167,0.0,False,2026-06-03,0.6330275229357798,0.6247706422018349,0.6264465277941418,1.0,True,1263.0,0.5542359461599367,,50.0,0.5014076201030195,0.5014076201030195,14.0,prob_iso_oos_time,0.0,,0.95,0.6330275229357798,proxy_blend_small_bin,0.6264465277941418,0.6264465277941418,False,False,False,0.6264465277941418,0.6300522539179274,0.6300522539179274,0.85,True,proxy|shrink,-6.659467358672877,-9.028882041294487,2026-06-03_SAS_NYK,,,,,,,,,,,2026-06-03,2026-06-02,2026-06-02T16:11:29Z,upcoming_d,NO_BET,,NO_VALUE_SKIP,,discipline_skip,0.0,False,,,,,,
2026-06-03,SAS,NYK,1.49,2.7,0.631855566477035,0.6330275229357798,,0.6264465277941418,0.6105444158302383,0.45,,0.0,0.0,HWR<0.50 | Odds<1.80 | EV<=0.00,0.6711409395973155,0.6443914081145585,-0.0179448803204167,0.0,False,2026-06-03,0.6330275229357798,0.6247706422018349,0.6264465277941418,1.0,True,1263.0,0.5542359461599367,,50.0,0.5014076201030195,0.5014076201030195,14.0,prob_iso_oos_time,0.0,,0.95,0.6330275229357798,proxy_blend_small_bin,0.6264465277941418,0.6264465277941418,False,False,False,0.6264465277941418,0.6300522539179274,0.6300522539179274,0.85,True,proxy|shrink,-6.659467358672877,-9.028882041294487,2026-06-03_SAS_NYK,-9.028882041294487,0.0,0.0,1.0,0.0,1.0,-0.05,-0.31,0.061,-9.03,2026-06-03,2026-06-02,2026-06-02T16:11:29Z,watchlist,NO_BET,,NO_VALUE_SKIP,,discipline_skip,0.0,False,,,,,,
2026-06-03,SAS,NYK,1.49,2.7,0.631855566477035,0.6330275229357798,,0.6264465277941418,0.6105444158302383,0.45,,0.0,0.0,,0.6711409395973155,0.6443914081145585,-0.0179448803204167,0.0,False,2026-06-03,0.6330275229357798,0.6247706422018349,0.6264465277941418,1.0,True,1263.0,0.5542359461599367,,50.0,0.5014076201030195,0.5014076201030195,14.0,prob_iso_oos_time,0.0,,0.95,0.6330275229357798,proxy_blend_small_bin,0.6264465277941418,0.6264465277941418,False,False,False,0.6264465277941418,0.6300522539179274,0.6300522539179274,0.85,True,proxy|shrink,-6.659467358672877,-9.028882041294487,2026-06-03_SAS_NYK,,,,,,,,,,,2026-06-03,2026-06-03,2026-06-03T16:02:22Z,upcoming_d,NO_BET,,NO_VALUE_SKIP,,discipline_skip,0.0,False,,,,,,
2026-06-03,SAS,NYK,1.49,2.7,0.631855566477035,0.6330275229357798,,0.6264465277941418,0.6105444158302383,0.45,,0.0,0.0,HWR<0.50 | Odds<1.80 | EV<=0.00,0.6711409395973155,0.6443914081145585,-0.0179448803204167,0.0,False,2026-06-03,0.6330275229357798,0.6247706422018349,0.6264465277941418,1.0,True,1263.0,0.5542359461599367,,50.0,0.5014076201030195,0.5014076201030195,14.0,prob_iso_oos_time,0.0,,0.95,0.6330275229357798,proxy_blend_small_bin,0.6264465277941418,0.6264465277941418,False,False,False,0.6264465277941418,0.6300522539179274,0.6300522539179274,0.85,True,proxy|shrink,-6.659467358672877,-9.028882041294487,2026-06-03_SAS_NYK,-9.028882041294487,0.0,0.0,1.0,0.0,1.0,-0.05,-0.31,0.061,-9.03,2026-06-03,2026-06-03,2026-06-03T16:02:22Z,watchlist,NO_BET,,NO_VALUE_SKIP,,discipline_skip,0.0,False,,,,,,
2026-06-05,SAS,NYK,1.44,2.85,0.6712789637497599,0.7100591715976331,,0.6980986686303339,0.6585032265001148,0.45,,0.0,0.0,,0.6944444444444444,0.6643356643356644,0.0337630042946694,0.0,False,2026-06-05,0.7100591715976331,0.6825443786982248,0.6980986686303339,1.0,True,1264.0,0.5537974683544303,,51.0,0.4708491122516505,0.4708491122516505,19.0,prob_iso_oos_time,0.0,,0.95,0.7100591715976331,proxy_blend_small_bin,0.6980986686303339,0.6980986686303339,False,False,False,0.6980986686303339,0.6864743841177822,0.6864743841177822,0.85,True,proxy|shrink,0.5262082827680759,-5.1755353839834655,2026-06-05_SAS_NYK,,,,,,,,,,,2026-06-05,2026-06-04,2026-06-04T20:00:34Z,upcoming_d,NO_BET,,NO_VALUE_SKIP,,discipline_skip,0.0,False,,,,,,
2026-06-05,SAS,NYK,1.44,2.85,0.6712789637497599,0.7100591715976331,,0.6980986686303339,0.6585032265001148,0.45,,0.0,0.0,HWR<0.50 | Odds<1.80 | EV<=0.00,0.6944444444444444,0.6643356643356644,0.0337630042946694,0.0,False,2026-06-05,0.7100591715976331,0.6825443786982248,0.6980986686303339,1.0,True,1264.0,0.5537974683544303,,51.0,0.4708491122516505,0.4708491122516505,19.0,prob_iso_oos_time,0.0,,0.95,0.7100591715976331,proxy_blend_small_bin,0.6980986686303339,0.6980986686303339,False,False,False,0.6980986686303339,0.6864743841177822,0.6864743841177822,0.85,True,proxy|shrink,0.5262082827680759,-5.1755353839834655,2026-06-05_SAS_NYK,-5.1755353839834655,0.0,0.0,1.0,0.0,1.0,-0.05,-0.36,0.109,-5.18,2026-06-05,2026-06-04,2026-06-04T20:00:34Z,watchlist,NO_BET,,NO_VALUE_SKIP,,discipline_skip,0.0,False,,,,,,
2026-06-05,SAS,NYK,1.44,2.85,0.6712789637497599,0.7100591715976331,,0.6980986686303339,0.6585032265001148,0.45,,0.0,0.0,,0.6944444444444444,0.6643356643356644,0.0337630042946694,0.0,False,2026-06-05,0.7100591715976331,0.6825443786982248,0.6980986686303339,1.0,True,1264.0,0.5537974683544303,,51.0,0.4708491122516505,0.4708491122516505,19.0,prob_iso_oos_time,0.0,,0.95,0.7100591715976331,proxy_blend_small_bin,0.6980986686303339,0.6980986686303339,False,False,False,0.6980986686303339,0.6864743841177822,0.6864743841177822,0.85,True,proxy|shrink,0.5262082827680759,-5.1755353839834655,2026-06-05_SAS_NYK,,,,,,,,,,,2026-06-05,2026-06-05,2026-06-05T16:02:18Z,upcoming_d,NO_BET,,NO_VALUE_SKIP,,discipline_skip,0.0,False,,,,,,
2026-06-05,SAS,NYK,1.44,2.85,0.6712789637497599,0.7100591715976331,,0.6980986686303339,0.6585032265001148,0.45,,0,0.0,HWR<0.50 | Odds<1.80 | EV<=0.00,0.6944444444444444,0.6643356643356644,0.033763004294669496,0.0,False,2026-06-05,0.7100591715976331,0.6825443786982248,0.6980986686303339,1.0,True,1264.0,0.5537974683544303,,51.0,0.4708491122516505,0.4708491122516505,19.0,prob_iso_oos_time,0.0,,0.95,0.7100591715976331,proxy_blend_small_bin,0.6980986686303339,0.6980986686303339,False,False,False,0.6980986686303339,0.6864743841177822,0.6864743841177822,0.85,True,proxy|shrink,0.5262082827680759,-5.1755353839834655,2026-06-05_SAS_NYK,-5.1755353839834655,0.0,0.0,1.0,0.0,1.0,-0.05,-0.36,0.109,-5.18,2026-06-05,2026-06-05,2026-06-05T16:02:18Z,watchlist,NO_BET,,NO_VALUE_SKIP,,discipline_skip,0,False,,,,,,
